Year,Characteristic,Sub-Characteristic,Secured by primary residence - Mortgages (%),Secured by primary residence - HELOC (%),Other residential debt (%),Credit card balances (%),Lines of credit not secured by residential property (%),Installment loans - Education loans (%),Installment loans - Vehicle loans (%),Installment loans - Other loans (%),Other (%),Any debt (%),Secured by primary residence - Mortgages ($),Secured by primary residence - HELOC ($),Other residential debt ($),Credit card balances ($),Lines of credit not secured by residential property ($),Installment loans - Education loans ($),Installment loans - Vehicle loans ($),Installment loans - Other loans ($),Other ($),Any debt ($)
1989,,All families,0.386,0.031,0.051,0.397,0.032,0.08900000000000001,0.34700000000000003,0.22,0.067,0.723,57800.0,33600.0,46600.0,1700.0,3700.0,5600.0,10600.0,2700.0,3700.0,28000.0
1989,Percentile of income,Less than 20,0.075,,,0.153,,0.084,0.115,0.20199999999999999,0.059000000000000004,0.47100000000000003,13100.0,,,600.0,,4700.0,3400.0,900.0,900.0,2700.0
1989,Percentile of income,20–39.9,0.222,,,0.276,,0.084,0.226,0.235,0.052000000000000005,0.595,24100.0,,,1100.0,,5400.0,6000.0,2000.0,1900.0,9300.0
1989,Percentile of income,40–59.9,0.373,0.024,0.033,0.489,,0.077,0.415,0.23399999999999999,0.049,0.7809999999999999,39200.0,14900.0,26100.0,1500.0,,7400.0,10400.0,2800.0,1700.0,22000.0
1989,Percentile of income,60–79.9,0.555,0.040999999999999995,0.055,0.573,0.043,0.121,0.509,0.266,0.059000000000000004,0.862,69000.0,28000.0,26800.0,1900.0,3700.0,6200.0,11500.0,3700.0,2200.0,52100.0
1989,Percentile of income,80–89.9,0.695,0.038,0.107,0.583,0.085,0.08,0.5539999999999999,0.195,0.079,0.937,76500.0,50400.0,50400.0,2600.0,3400.0,4300.0,15400.0,3100.0,7500.0,73400.0
1989,Percentile of income,90–100,0.715,0.11900000000000001,0.193,0.405,0.057999999999999996,0.083,0.38799999999999996,0.133,0.149,0.8759999999999999,112000.0,41000.0,78400.0,3900.0,8800.0,5200.0,13000.0,15800.0,9300.0,137200.0
1989,Age of head (years),Less than 35,0.349,,0.016,0.445,0.044000000000000004,0.171,0.37799999999999995,0.307,0.061,0.8,82100.0,,29900.0,1900.0,2600.0,5600.0,9500.0,1900.0,1500.0,21300.0
1989,Age of head (years),35–44,0.575,0.044000000000000004,0.07,0.505,0.047,0.109,0.505,0.301,0.085,0.8859999999999999,71800.0,28000.0,65300.0,2100.0,5600.0,3700.0,12300.0,3600.0,2200.0,56100.0
1989,Age of head (years),45–54,0.569,0.062,0.107,0.493,0.04,0.073,0.47600000000000003,0.215,0.094,0.853,45900.0,39200.0,37300.0,1900.0,2400.0,6300.0,11900.0,4300.0,5600.0,44100.0
1989,Age of head (years),55–64,0.341,0.057999999999999996,0.07400000000000001,0.32899999999999996,0.015,0.040999999999999995,0.27699999999999997,0.12300000000000001,0.081,0.708,37300.0,35500.0,63400.0,1900.0,3700.0,4700.0,9100.0,1800.0,5000.0,17900.0
1989,Age of head (years),65–74,0.20600000000000002,,0.04,0.272,,,0.14,0.113,0.033,0.496,17200.0,,23300.0,1000.0,,,6800.0,1600.0,3700.0,9300.0
1989,Age of head (years),75 or more,0.057999999999999996,,,0.10099999999999999,,,0.05,0.062,0.019,0.21,20500.0,,,400.0,,,6200.0,3300.0,9300.0,5200.0
1989,Family structure,Single with child(ren),0.308,,0.035,0.35600000000000004,,0.17,0.26899999999999996,0.252,0.055999999999999994,0.71,45900.0,,50400.0,1500.0,,3000.0,7500.0,900.0,1300.0,12000.0
1989,Family structure,"Single, no child, age less than 55",0.195,,0.024,0.349,0.047,0.152,0.301,0.21,0.049,0.7070000000000001,76500.0,,72800.0,1700.0,3700.0,5400.0,9500.0,1900.0,1500.0,11900.0
1989,Family structure,"Single, no child, age 55 or more ",0.136,,0.019,0.19899999999999998,,,0.08800000000000001,0.083,0.016,0.37200000000000005,13100.0,,20500.0,900.0,,,6000.0,1700.0,800.0,5100.0
1989,Family structure,Couple with child(ren),0.622,0.055,0.064,0.5379999999999999,0.037000000000000005,0.08900000000000001,0.507,0.305,0.08800000000000001,0.915,65300.0,35500.0,56000.0,2300.0,3400.0,6800.0,11800.0,3100.0,3700.0,53900.0
1989,Family structure,"Couple, no child ",0.345,0.028999999999999998,0.08,0.355,0.037000000000000005,0.059000000000000004,0.335,0.168,0.084,0.667,61600.0,35300.0,45000.0,1500.0,4300.0,6500.0,11300.0,3200.0,6800.0,26700.0
1989,Education of head,No high school diploma,0.218,,0.013999999999999999,0.237,,0.015,0.23399999999999999,0.231,0.031,0.556,28000.0,,20500.0,1100.0,,4300.0,9900.0,1500.0,1300.0,9800.0
1989,Education of head,High school diploma,0.34600000000000003,0.032,0.043,0.408,0.026000000000000002,0.07,0.375,0.213,0.055,0.703,44800.0,33600.0,26100.0,1700.0,3700.0,4700.0,9500.0,1500.0,2200.0,20600.0
1989,Education of head,Some college,0.479,0.039,0.045,0.505,0.051,0.126,0.40299999999999997,0.253,0.075,0.8340000000000001,56000.0,46600.0,44800.0,1900.0,2800.0,6300.0,11000.0,3100.0,4700.0,33600.0
1989,Education of head,College degree,0.536,0.047,0.107,0.455,0.043,0.162,0.37799999999999995,0.191,0.11199999999999999,0.828,86900.0,29900.0,65300.0,2200.0,3400.0,6100.0,11900.0,5100.0,3700.0,76900.0
1989,Race or ethnicity of respondent,White non-Hispanic,0.42,0.038,0.057,0.415,0.03,0.083,0.366,0.209,0.07200000000000001,0.733,61600.0,32700.000000000004,48400.0,1800.0,4700.0,6000.0,10600.0,3300.0,3700.0,34500.0
1989,Race or ethnicity of respondent,Black or African-American non-hispanic,0.247,,0.027000000000000003,0.33399999999999996,,0.12300000000000001,0.272,0.22899999999999998,0.034,0.6509999999999999,26100.0,,13800.0,1100.0,,3700.0,10100.0,1300.0,500.0,9100.0
1989,Race or ethnicity of respondent,Hispanic or Latino,0.308,,0.033,0.34700000000000003,,0.099,0.29600000000000004,0.299,0.068,0.7240000000000001,76500.0,,63400.0,2100.0,,6900.0,9200.0,1300.0,4700.0,16400.0
1989,Race or ethnicity of respondent,Other or Multiple Race,0.355,,0.052000000000000005,0.366,,,0.345,0.244,,0.765,50400.0,,100600.0,1100.0,,,13200.0,1500.0,,19600.0
1989,Current work status of head,Working for someone else,0.488,0.042,0.057999999999999996,0.534,0.046,0.11900000000000001,0.46799999999999997,0.254,0.075,0.8640000000000001,67000.0,35300.0,51700.0,1900.0,3400.0,6200.0,10400.0,2800.0,3700.0,36400.0
1989,Current work status of head,Self-employed,0.495,0.039,0.086,0.294,0.044000000000000004,0.084,0.36200000000000004,0.235,0.107,0.8009999999999999,57800.0,35500.0,74600.0,1900.0,18300.0,5900.0,14500.0,8200.0,9300.0,48900.0
1989,Current work status of head,Retired,0.158,0.01,0.027999999999999997,0.183,,0.013999999999999999,0.131,0.131,0.033,0.402,20500.0,13100.0,26100.0,1000.0,,4600.0,9600.0,1700.0,1900.0,9300.0
1989,Current work status of head,Other not working,0.19,,,0.20600000000000002,,0.132,0.106,0.245,,0.599,24300.0,,,1000.0,,3200.0,5000.0,900.0,,5600.0
1989,Current occupation of head,Managerial or professional,0.601,0.063,0.109,0.536,0.047,0.141,0.466,0.23,0.10800000000000001,0.909,82100.0,35500.0,65300.0,2700.0,5600.0,5900.0,12300.0,5100.0,5600.0,74600.0
1989,Current occupation of head,"Technical, sales, or services",0.42100000000000004,0.037000000000000005,0.047,0.498,0.064,0.132,0.425,0.231,0.05,0.821,59700.0,35300.0,65300.0,1700.0,3400.0,5900.0,8200.0,2600.0,3700.0,22000.0
1989,Current occupation of head,Other occupation,0.452,0.026000000000000002,0.035,0.45399999999999996,0.027999999999999997,0.07200000000000001,0.461,0.28800000000000003,0.083,0.835,50400.0,31700.0,24900.0,1500.0,2600.0,6800.0,11400.0,2100.0,3700.0,29200.0
1989,Current occupation of head,Retired or other not working,0.165,0.01,0.027000000000000003,0.188,,0.038,0.126,0.155,0.037000000000000005,0.44299999999999995,22400.0,7500.0,26100.0,1000.0,,3200.0,8200.0,1500.0,1600.0,7500.0
1989,Region,Northeast,0.36,0.053,0.036000000000000004,0.381,0.021,0.10800000000000001,0.321,0.162,0.057999999999999996,0.69,61600.0,37300.0,74600.0,1700.0,3700.0,5300.0,11400.0,3000.0,3700.0,27900.0
1989,Region,Midwest,0.39299999999999996,0.04,0.047,0.375,0.026000000000000002,0.079,0.345,0.163,0.08,0.6829999999999999,43100.0,24300.0,27600.0,1300.0,3400.0,6800.0,9200.0,3700.0,3700.0,30800.0
1989,Region,South,0.366,0.018000000000000002,0.053,0.385,0.025,0.087,0.384,0.273,0.061,0.7340000000000001,49400.0,28000.0,35100.0,1700.0,2800.0,5100.0,10300.0,1800.0,3700.0,22200.0
1989,Region,West,0.43700000000000006,0.022000000000000002,0.069,0.46,0.06,0.087,0.313,0.259,0.07,0.7859999999999999,85800.0,65300.0,65300.0,2100.0,4700.0,4700.0,11400.0,3100.0,3700.0,52000.0
1989,Urbanicity,Metropolitan statistical area (MSA),0.401,0.036000000000000004,0.05,0.41600000000000004,0.035,0.098,0.337,0.212,0.066,0.738,65300.0,35300.0,56000.0,1900.0,3700.0,5400.0,10500.0,2700.0,3700.0,30900.0
1989,Urbanicity,Non-MSA,0.324,0.013000000000000001,0.055,0.314,0.015,0.054000000000000006,0.391,0.254,0.069,0.659,34500.0,14900.0,37300.0,1100.0,3700.0,6800.0,11200.0,2300.0,5000.0,19800.0
1989,Housing status,Owner,0.604,0.049,0.067,0.439,0.027999999999999997,0.067,0.387,0.221,0.068,0.7829999999999999,57800.0,33600.0,50400.0,1900.0,5600.0,5700.0,12100.0,3700.0,5000.0,58400.0
1989,Housing status,Renter or other,,,0.023,0.322,0.039,0.128,0.276,0.218,0.064,0.618,,,32700.000000000004,1500.0,2200.0,5600.0,7700.0,1300.0,1300.0,5700.0
1989,Percentile of net worth,Less than 25,0.053,,,0.276,0.033,0.14400000000000002,0.242,0.294,0.076,0.607,69000.0,,,1900.0,3200.0,5600.0,5600.0,1500.0,1100.0,5900.0
1989,Percentile of net worth,25–49.9,0.397,,0.016,0.48200000000000004,0.034,0.09300000000000001,0.414,0.275,0.035,0.7809999999999999,52200.0,,22400.0,1300.0,2400.0,4600.0,10300.0,1900.0,1700.0,21300.0
1989,Percentile of net worth,50–74.9,0.563,0.051,0.044000000000000004,0.493,0.026000000000000002,0.068,0.43200000000000005,0.18899999999999997,0.051,0.773,56000.0,35300.0,26100.0,1700.0,3700.0,6300.0,12200.0,3700.0,2200.0,52700.0
1989,Percentile of net worth,75–89.9,0.583,0.07,0.094,0.434,0.026000000000000002,0.064,0.33899999999999997,0.14,0.087,0.76,59700.0,33600.0,45900.0,1900.0,5600.0,6500.0,12400.0,5500.0,6200.0,59100.0
1989,Percentile of net worth,90–100,0.45399999999999996,0.06,0.201,0.191,0.044000000000000004,0.033,0.244,0.099,0.129,0.687,85800.0,50400.0,84000.0,2800.0,18700.0,3700.0,13700.0,18700.0,13100.0,93300.0
1992,,All families,0.385,0.043,0.057,0.43700000000000006,0.023,0.107,0.298,0.191,0.084,0.732,69000.0,20100.0,41900.0,1700.0,3400.0,5500.0,8900.0,1800.0,4200.0,28700.0
1992,Percentile of income,Less than 20,0.10400000000000001,,,0.23399999999999999,,0.106,0.1,0.17300000000000001,0.045,0.489,24600.0,,,800.0,,4800.0,3500.0,1600.0,1800.0,3600.0
1992,Percentile of income,20–39.9,0.207,,,0.419,,0.079,0.244,0.205,0.06,0.6579999999999999,33900.0,,,1300.0,,4900.0,5700.0,1700.0,1300.0,8700.0
1992,Percentile of income,40–59.9,0.354,0.037000000000000005,0.04,0.519,0.022000000000000002,0.141,0.335,0.253,0.092,0.7909999999999999,50300.0,16800.0,25600.0,1500.0,4400.0,5500.0,7100.0,1700.0,3400.0,19200.0
1992,Percentile of income,60–79.9,0.562,0.052000000000000005,0.057,0.556,0.028999999999999998,0.113,0.423,0.19399999999999998,0.096,0.848,73800.0,15100.0,30200.0,2400.0,2500.0,6600.0,10700.0,2300.0,4900.0,52000.0
1992,Percentile of income,80–89.9,0.6609999999999999,0.085,0.098,0.536,0.05,0.125,0.447,0.153,0.092,0.875,92500.0,23500.0,42100.0,2500.0,3000.0,4700.0,12400.0,2200.0,5000.0,91600.0
1992,Percentile of income,90–100,0.732,0.153,0.22399999999999998,0.379,0.043,0.064,0.32799999999999996,0.10300000000000001,0.16,0.8740000000000001,134200.0,33500.0,78800.0,3800.0,6700.0,10600.0,13600.0,8400.0,10100.0,157300.0
1992,Age of head (years),Less than 35,0.309,0.011000000000000001,0.03,0.518,0.027999999999999997,0.243,0.366,0.268,0.064,0.815,85200.0,15100.0,28500.0,1500.0,2000.0,5500.0,8300.0,1500.0,2300.0,17500.0
1992,Age of head (years),35–44,0.5539999999999999,0.055,0.071,0.509,0.033,0.127,0.377,0.24600000000000002,0.115,0.863,87200.0,16800.0,45300.0,2000.0,3000.0,4500.0,10700.0,1700.0,5000.0,60300.0
1992,Age of head (years),45–54,0.594,0.083,0.09300000000000001,0.489,0.026000000000000002,0.054000000000000006,0.34600000000000003,0.207,0.10400000000000001,0.8540000000000001,62100.0,23500.0,57000.0,2600.0,8400.0,6100.0,8700.0,2300.0,5000.0,45300.0
1992,Age of head (years),55–64,0.39899999999999997,0.07400000000000001,0.099,0.37200000000000005,0.016,0.03,0.292,0.133,0.096,0.701,47000.0,16800.0,33500.0,1700.0,6700.0,12300.0,8800.0,2500.0,5000.0,32100.0
1992,Age of head (years),65–74,0.172,0.034,0.031,0.321,0.01,,0.14800000000000002,0.085,0.06,0.514,28500.0,27100.0,28500.0,1300.0,6700.0,,7000.0,3200.0,2500.0,8100.0
1992,Age of head (years),75 or more,0.086,,0.006999999999999999,0.201,,,0.046,0.037000000000000005,0.044000000000000004,0.316,47000.0,,402000.0,800.0,,,5700.0,5200.0,4500.0,3900.0
1992,Family structure,Single with child(ren),0.28300000000000003,,0.025,0.433,,0.15,0.251,0.271,0.077,0.7559999999999999,50800.0,,23500.0,1700.0,,4500.0,5900.0,1500.0,1600.0,12200.0
1992,Family structure,"Single, no child, age less than 55",0.253,,0.043,0.41,0.023,0.155,0.23600000000000002,0.22699999999999998,0.077,0.727,67100.0,,25200.0,1600.0,3400.0,5500.0,9600.0,1500.0,5000.0,14300.0
1992,Family structure,"Single, no child, age 55 or more ",0.133,0.013999999999999999,0.017,0.252,,,0.092,0.067,0.037000000000000005,0.39899999999999997,41900.0,13400.0,46100.0,1000.0,,,8800.0,4400.0,2200.0,6900.0
1992,Family structure,Couple with child(ren),0.632,0.07,0.071,0.56,0.027999999999999997,0.135,0.441,0.23399999999999999,0.107,0.91,83000.0,20100.0,43600.0,2200.0,3000.0,6000.0,8900.0,1800.0,4500.0,62700.0
1992,Family structure,"Couple, no child ",0.344,0.062,0.086,0.408,0.031,0.08199999999999999,0.298,0.14800000000000002,0.09,0.696,53700.0,23500.0,42700.0,1600.0,6700.0,6200.0,9900.0,2500.0,5000.0,28600.0
1992,Education of head,No high school diploma,0.18100000000000002,,0.016,0.27399999999999997,,0.024,0.196,0.17600000000000002,0.062,0.527,36900.0,,25200.0,1200.0,,4200.0,5000.0,1700.0,3400.0,8600.0
1992,Education of head,High school diploma,0.364,0.024,0.027999999999999997,0.467,0.015,0.07400000000000001,0.327,0.19899999999999998,0.079,0.738,49300.0,20100.0,36900.0,1700.0,2300.0,4400.0,7600.0,1700.0,3400.0,18600.0
1992,Education of head,Some college,0.415,0.053,0.062,0.498,0.031,0.134,0.306,0.212,0.07,0.792,73800.0,17300.0,60400.0,1700.0,3700.0,4500.0,11400.0,1700.0,5000.0,32100.0
1992,Education of head,College degree,0.534,0.08199999999999999,0.114,0.47600000000000003,0.04,0.182,0.336,0.17600000000000002,0.11599999999999999,0.8290000000000001,100600.0,22700.0,45300.0,2300.0,4200.0,7000.0,10800.0,2600.0,5000.0,72100.0
1992,Race or ethnicity of respondent,White non-Hispanic,0.42100000000000004,0.052000000000000005,0.064,0.442,0.026000000000000002,0.10800000000000001,0.314,0.179,0.08199999999999999,0.743,72100.0,20100.0,43600.0,1800.0,3400.0,5900.0,8900.0,2200.0,5000.0,36500.0
1992,Race or ethnicity of respondent,Black or African-American non-hispanic,0.268,0.019,0.024,0.433,,0.126,0.23800000000000002,0.196,0.095,0.6920000000000001,38300.0,20100.0,17600.0,1200.0,,4900.0,11500.0,1100.0,2300.0,9500.0
1992,Race or ethnicity of respondent,Hispanic or Latino,0.252,,0.021,0.39799999999999996,,0.083,0.245,0.298,0.07200000000000001,0.693,87200.0,,98900.0,2900.0,,5900.0,7400.0,1700.0,8400.0,15000.0
1992,Race or ethnicity of respondent,Other or Multiple Race,0.322,,0.079,0.429,,0.073,0.28800000000000003,0.18600000000000003,0.11199999999999999,0.7390000000000001,76200.0,,29600.0,1300.0,,2900.0,8200.0,1600.0,3400.0,24000.0
1992,Current work status of head,Working for someone else,0.479,0.049,0.062,0.539,0.031,0.142,0.39899999999999997,0.226,0.094,0.856,75500.0,20100.0,37100.0,1700.0,2700.0,5500.0,9500.0,1700.0,4200.0,35400.0
1992,Current work status of head,Self-employed,0.58,0.077,0.128,0.475,0.037000000000000005,0.10099999999999999,0.313,0.21,0.124,0.851,100600.0,22700.0,72100.0,2900.0,5900.0,5800.0,10000.0,3400.0,8400.0,72100.0
1992,Current work status of head,Retired,0.162,0.026000000000000002,0.026000000000000002,0.253,,0.023,0.121,0.10099999999999999,0.052000000000000005,0.451,29200.0,16800.0,30200.0,1200.0,,6000.0,6100.0,2500.0,3400.0,9200.0
1992,Current work status of head,Other not working,0.201,,0.026000000000000002,0.292,,0.14800000000000002,0.166,0.218,0.064,0.643,39400.0,,45300.0,1300.0,,5000.0,7600.0,1600.0,4200.0,7600.0
1992,Current occupation of head,Managerial or professional,0.5870000000000001,0.095,0.114,0.513,0.047,0.17800000000000002,0.377,0.207,0.124,0.887,105600.0,18400.0,63300.0,2500.0,5900.0,5500.0,9600.0,2500.0,5000.0,78600.0
1992,Current occupation of head,"Technical, sales, or services",0.447,0.036000000000000004,0.053,0.541,0.027000000000000003,0.12,0.36200000000000004,0.231,0.077,0.858,73800.0,23500.0,25700.0,1700.0,2500.0,4800.0,10300.0,1900.0,5000.0,29500.0
1992,Current occupation of head,Other occupation,0.455,0.028999999999999998,0.05,0.53,0.021,0.105,0.42200000000000004,0.231,0.098,0.8170000000000001,53700.0,20100.0,57000.0,1700.0,1700.0,6000.0,8700.0,1300.0,4200.0,29900.0
1992,Current occupation of head,Retired or other not working,0.171,0.023,0.026000000000000002,0.262,0.008,0.053,0.131,0.129,0.055,0.49700000000000005,35200.0,20100.0,31000.0,1300.0,6700.0,5400.0,6300.0,1700.0,3400.0,8500.0
1992,Region,Northeast,0.409,0.061,0.044000000000000004,0.41700000000000004,0.022000000000000002,0.11699999999999999,0.235,0.13699999999999998,0.068,0.705,83000.0,23500.0,47000.0,1900.0,2300.0,5000.0,8800.0,1800.0,3400.0,40400.0
1992,Region,Midwest,0.389,0.05,0.059000000000000004,0.42100000000000004,0.017,0.113,0.354,0.175,0.09699999999999999,0.725,58700.0,20100.0,25200.0,1500.0,4400.0,6700.0,8500.0,1900.0,5000.0,28700.0
1992,Region,South,0.36200000000000004,0.033,0.047,0.452,0.018000000000000002,0.1,0.326,0.213,0.073,0.733,57900.0,17300.0,57000.0,1700.0,1700.0,6100.0,9800.0,1700.0,3400.0,23500.0
1992,Region,West,0.39399999999999996,0.033,0.08199999999999999,0.45,0.040999999999999995,0.1,0.248,0.22399999999999998,0.10300000000000001,0.7659999999999999,86500.0,30200.0,34700.0,1700.0,8400.0,4500.0,8700.0,2100.0,5000.0,32200.000000000004
1992,Urbanicity,Metropolitan statistical area (MSA),0.406,0.048,0.062,0.44,0.026000000000000002,0.109,0.298,0.192,0.083,0.7440000000000001,77100.0,23000.0,41100.0,1800.0,4000.0,5500.0,9500.0,1800.0,4700.0,32299.999999999996
1992,Urbanicity,Non-MSA,0.29100000000000004,,0.031,0.425,,0.096,0.3,0.184,0.08800000000000001,0.679,44400.0,,67100.0,1300.0,,5000.0,7800.0,1500.0,3400.0,18100.0
1992,Housing status,Owner,0.602,0.067,0.069,0.466,0.02,0.073,0.318,0.171,0.091,0.785,69000.0,20100.0,45300.0,1800.0,4700.0,6100.0,9800.0,2900.0,5000.0,60700.0
1992,Housing status,Renter or other,,,0.034,0.386,0.028999999999999998,0.166,0.263,0.225,0.071,0.64,,,30500.0,1500.0,2000.0,5400.0,7600.0,1100.0,2500.0,5900.0
1992,Percentile of net worth,Less than 25,0.079,,,0.387,0.024,0.20199999999999999,0.26,0.258,0.077,0.648,50300.0,,,1500.0,2000.0,6000.0,6700.0,1700.0,1800.0,7300.0
1992,Percentile of net worth,25–49.9,0.423,0.021,0.027000000000000003,0.526,0.019,0.105,0.386,0.248,0.083,0.7929999999999999,57900.0,15100.0,21000.0,1800.0,1700.0,4400.0,7600.0,1700.0,2200.0,24700.0
1992,Percentile of net worth,50–74.9,0.524,0.047,0.049,0.496,0.022000000000000002,0.069,0.318,0.171,0.07200000000000001,0.773,72100.0,17300.0,31000.0,1700.0,3000.0,4300.0,11500.0,1700.0,4200.0,50800.0
1992,Percentile of net worth,75–89.9,0.49700000000000005,0.091,0.098,0.39299999999999996,0.027999999999999997,0.057,0.259,0.099,0.079,0.713,72100.0,21100.0,37100.0,1800.0,10100.0,4200.0,9900.0,5200.0,8400.0,55000.0
1992,Percentile of net worth,90–100,0.535,0.11800000000000001,0.207,0.259,0.032,0.04,0.18,0.066,0.141,0.72,113900.0,33500.0,92200.0,2700.0,30200.0,9600.0,11400.0,10800.0,10100.0,127700.0
1995,,All families,0.40399999999999997,0.028999999999999998,0.047,0.473,0.019,0.11900000000000001,0.317,0.16,0.085,0.745,79900.0,18800.0,47000.0,2300.0,5500.0,6100.0,10700.0,2300.0,3100.0,33900.0
1995,Percentile of income,Less than 20,0.10400000000000001,,0.013000000000000001,0.26,,0.095,0.11199999999999999,0.11199999999999999,0.068,0.49200000000000005,29000.0,,12500.0,1100.0,,6300.0,5300.0,1100.0,3100.0,4700.0
1995,Percentile of income,20–39.9,0.252,,0.016,0.43200000000000005,,0.115,0.23399999999999999,0.171,0.079,0.6859999999999999,43800.0,,31300.0,1900.0,,6300.0,6500.0,1600.0,1600.0,13200.0
1995,Percentile of income,40–59.9,0.377,0.013999999999999999,0.031,0.529,0.022000000000000002,0.114,0.34299999999999997,0.18899999999999997,0.078,0.794,57900.0,23500.0,33800.0,2300.0,4700.0,5500.0,11200.0,2500.0,3100.0,23700.0
1995,Percentile of income,60–79.9,0.5820000000000001,0.046,0.051,0.6,0.024,0.15,0.469,0.18899999999999997,0.09,0.8740000000000001,89300.0,15700.0,47000.0,2400.0,3600.0,4700.0,11500.0,2300.0,3000.0,65700.0
1995,Percentile of income,80–89.9,0.6829999999999999,0.069,0.079,0.61,0.038,0.14300000000000002,0.488,0.182,0.08199999999999999,0.902,104900.0,26600.0,47000.0,3100.0,6000.0,7700.0,13800.0,3400.0,5800.0,100200.0
1995,Percentile of income,90–100,0.7240000000000001,0.081,0.172,0.473,0.039,0.095,0.365,0.098,0.135,0.861,140900.0,29800.0,54800.0,4400.0,7800.0,11500.0,13100.0,7800.0,7800.0,154700.0
1995,Age of head (years),Less than 35,0.32899999999999996,0.013999999999999999,0.021,0.547,0.027000000000000003,0.244,0.401,0.228,0.07400000000000001,0.835,97100.0,10200.0,39200.0,2000.0,2200.0,6300.0,11300.0,1600.0,2300.0,23500.0
1995,Age of head (years),35–44,0.54,0.034,0.049,0.5589999999999999,0.021,0.13,0.41600000000000004,0.228,0.105,0.87,94000.0,16000.0,49800.0,3000.0,3100.0,4900.0,10200.0,2600.0,3100.0,58000.0
1995,Age of head (years),45–54,0.611,0.051,0.084,0.564,0.022000000000000002,0.113,0.379,0.17600000000000002,0.13,0.863,76700.0,26600.0,47000.0,3100.0,9400.0,8100.0,11800.0,3000.0,4700.0,61300.0
1995,Age of head (years),55–64,0.441,0.037000000000000005,0.083,0.43200000000000005,0.017,0.040999999999999995,0.281,0.087,0.078,0.737,57900.0,11700.0,51700.0,2000.0,5300.0,6300.0,9900.0,1400.0,6300.0,32900.0
1995,Age of head (years),65–74,0.239,0.016,0.035,0.305,0.013000000000000001,,0.11800000000000001,0.049,0.054000000000000006,0.534,29800.0,21900.0,51700.0,1300.0,6000.0,,9400.0,1800.0,3100.0,11000.0
1995,Age of head (years),75 or more,0.049,,0.01,0.175,,,0.046,,0.028999999999999998,0.284,11600.0,,12500.0,500.0,,,7800.0,,6300.0,3000.0
1995,Family structure,Single with child(ren),0.32,,0.018000000000000002,0.439,,0.13699999999999998,0.24,0.198,0.096,0.7440000000000001,62600.0,,39200.0,2300.0,,4700.0,6300.0,1400.0,3100.0,19400.0
1995,Family structure,"Single, no child, age less than 55",0.272,,0.031,0.484,0.027000000000000003,0.14,0.27699999999999997,0.19,0.106,0.7859999999999999,79900.0,,67300.0,2000.0,2200.0,6300.0,10200.0,2400.0,2800.0,18000.0
1995,Family structure,"Single, no child, age 55 or more ",0.12,,0.019,0.251,,,0.08900000000000001,0.055,0.043,0.415,29800.0,,15700.0,1300.0,,,7800.0,1700.0,4200.0,6000.0
1995,Family structure,Couple with child(ren),0.63,0.047,0.066,0.609,0.022000000000000002,0.17300000000000001,0.47600000000000003,0.213,0.098,0.892,92400.0,23500.0,47000.0,2800.0,7800.0,6000.0,11400.0,2400.0,3100.0,76000.0
1995,Family structure,"Couple, no child ",0.395,0.034,0.062,0.433,0.018000000000000002,0.086,0.302,0.11699999999999999,0.073,0.716,70500.0,17400.0,49800.0,2000.0,5700.0,7400.0,11500.0,2500.0,6300.0,34000.0
1995,Education of head,No high school diploma,0.233,,0.027999999999999997,0.324,,0.024,0.21600000000000003,0.151,0.054000000000000006,0.546,36000.0,,12500.0,1600.0,,7200.0,8100.0,1300.0,2300.0,13000.0
1995,Education of head,High school diploma,0.392,0.025,0.039,0.498,0.012,0.086,0.354,0.16399999999999998,0.083,0.747,62600.0,18800.0,54800.0,1900.0,7800.0,3900.0,11000.0,2200.0,3100.0,28700.0
1995,Education of head,Some college,0.42,0.023,0.039,0.5579999999999999,0.022000000000000002,0.166,0.35600000000000004,0.184,0.102,0.8240000000000001,86100.0,30500.0,44500.0,2300.0,2300.0,6100.0,9700.0,2200.0,2200.0,33300.0
1995,Education of head,College degree,0.529,0.057,0.079,0.465,0.034,0.184,0.306,0.138,0.094,0.812,119000.0,17400.0,51700.0,3200.0,6000.0,7800.0,11700.0,4500.0,4700.0,84100.0
1995,Race or ethnicity of respondent,White non-Hispanic,0.433,0.033,0.051,0.47100000000000003,0.021,0.11599999999999999,0.32899999999999996,0.158,0.085,0.754,84600.0,19200.0,51700.0,2300.0,6000.0,6100.0,10700.0,2600.0,3900.0,41500.0
1995,Race or ethnicity of respondent,Black or African-American non-hispanic,0.261,,0.036000000000000004,0.45299999999999996,,0.13699999999999998,0.248,0.183,0.087,0.711,39200.0,,29800.0,1600.0,,5400.0,10700.0,1100.0,2000.0,9700.0
1995,Race or ethnicity of respondent,Hispanic or Latino,0.33899999999999997,,,0.561,,0.11699999999999999,0.306,0.161,0.08199999999999999,0.754,78300.0,,,2200.0,,6300.0,12500.0,1300.0,1600.0,24300.0
1995,Race or ethnicity of respondent,Other or Multiple Race,0.379,,0.053,0.44799999999999995,,0.111,0.324,0.124,0.084,0.677,109600.0,,47000.0,2700.0,,7800.0,6900.0,2300.0,4900.0,44300.0
1995,Current work status of head,Working for someone else,0.508,0.034,0.054000000000000006,0.58,0.023,0.156,0.42200000000000004,0.205,0.099,0.8740000000000001,86100.0,16200.0,45400.0,2500.0,3900.0,5900.0,11100.0,2300.0,3100.0,44900.0
1995,Current work status of head,Self-employed,0.51,0.044000000000000004,0.081,0.45299999999999996,0.036000000000000004,0.12300000000000001,0.27399999999999997,0.158,0.08800000000000001,0.812,92400.0,28200.0,65800.0,3900.0,11000.0,6000.0,11300.0,2500.0,7800.0,62600.0
1995,Current work status of head,Retired,0.175,0.017,0.024,0.259,,0.02,0.122,0.061,0.046,0.449,39000.0,20400.0,51700.0,1300.0,,4100.0,9400.0,1300.0,4700.0,9400.0
1995,Current work status of head,Other not working,0.174,,,0.368,,0.16,0.193,0.146,0.09699999999999999,0.629,70500.0,,,1300.0,,8800.0,6000.0,2700.0,2300.0,12100.0
1995,Current occupation of head,Managerial or professional,0.605,0.059000000000000004,0.092,0.518,0.040999999999999995,0.179,0.375,0.174,0.10300000000000001,0.877,117500.0,26600.0,62600.0,3400.0,6300.0,7000.0,11600.0,3000.0,5500.0,95500.0
1995,Current occupation of head,"Technical, sales, or services",0.46,0.026000000000000002,0.037000000000000005,0.563,0.022000000000000002,0.168,0.36200000000000004,0.193,0.105,0.852,85300.0,11800.0,39200.0,2500.0,6100.0,5500.0,11700.0,2300.0,2300.0,36100.0
1995,Current occupation of head,Other occupation,0.479,0.025,0.051,0.593,0.015,0.11199999999999999,0.456,0.221,0.086,0.866,62600.0,18800.0,39400.0,2200.0,3400.0,5400.0,10500.0,1800.0,2800.0,33300.0
1995,Current occupation of head,Retired or other not working,0.175,0.013999999999999999,0.023,0.281,,0.049,0.13699999999999998,0.078,0.055999999999999994,0.486,40600.0,21900.0,36000.0,1300.0,,7800.0,7700.0,1600.0,3100.0,9700.0
1995,Region,Northeast,0.364,0.039,0.055,0.439,0.019,0.16399999999999998,0.272,0.12300000000000001,0.098,0.7190000000000001,98700.0,23500.0,54800.0,2600.0,5900.0,5600.0,10500.0,3200.0,5500.0,32900.0
1995,Region,Midwest,0.442,0.042,0.038,0.46399999999999997,0.016,0.12,0.35200000000000004,0.165,0.07400000000000001,0.733,67300.0,14100.0,35700.0,2500.0,5900.0,6300.0,11000.0,2300.0,3100.0,37700.0
1995,Region,South,0.389,0.02,0.045,0.48,0.018000000000000002,0.087,0.336,0.184,0.085,0.762,65800.0,20400.0,39200.0,2000.0,4700.0,6700.0,11400.0,1600.0,3100.0,29100.0
1995,Region,West,0.42100000000000004,0.019,0.053,0.502,0.024,0.127,0.28800000000000003,0.15,0.084,0.7559999999999999,118800.0,31300.0,94000.0,2300.0,5500.0,5900.0,8900.0,2600.0,2600.0,44400.0
1995,Urbanicity,Metropolitan statistical area (MSA),0.413,0.031,0.05,0.485,0.02,0.124,0.319,0.16,0.085,0.757,89300.0,20200.0,49800.0,2300.0,5700.0,6300.0,11000.0,2300.0,3100.0,37800.0
1995,Urbanicity,Non-MSA,0.35200000000000004,0.017,0.031,0.39899999999999997,0.013999999999999999,0.08800000000000001,0.307,0.162,0.08199999999999999,0.674,36000.0,7100.0,26600.0,1700.0,4500.0,4700.0,8400.0,1800.0,3100.0,20700.0
1995,Housing status,Owner,0.624,0.044000000000000004,0.057999999999999996,0.511,0.015,0.09300000000000001,0.341,0.151,0.08,0.7959999999999999,79900.0,18800.0,47000.0,2300.0,7500.0,5500.0,11000.0,3100.0,4700.0,71300.0
1995,Housing status,Renter or other,,,0.027000000000000003,0.40299999999999997,0.026000000000000002,0.166,0.273,0.177,0.094,0.653,,,76700.0,1900.0,2200.0,6300.0,9700.0,1400.0,2300.0,7500.0
1995,Percentile of net worth,Less than 25,0.094,,,0.415,0.024,0.19699999999999998,0.253,0.222,0.096,0.665,74700.0,,,2500.0,4100.0,7800.0,9700.0,1600.0,2300.0,9700.0
1995,Percentile of net worth,25–49.9,0.474,,0.025,0.5539999999999999,0.021,0.127,0.39899999999999997,0.20199999999999999,0.094,0.8140000000000001,70500.0,,29800.0,2200.0,4700.0,5600.0,10100.0,2000.0,2500.0,33200.0
1995,Percentile of net worth,50–74.9,0.5479999999999999,0.032,0.033,0.573,0.013000000000000001,0.095,0.35100000000000003,0.14400000000000002,0.07,0.795,82300.0,18800.0,39200.0,2300.0,3600.0,4500.0,11300.0,2800.0,3100.0,57700.0
1995,Percentile of net worth,75–89.9,0.47700000000000004,0.051,0.08,0.395,,0.063,0.302,0.068,0.08199999999999999,0.705,79300.0,18000.0,41100.0,2200.0,,7500.0,10900.0,2600.0,4700.0,54700.0
1995,Percentile of net worth,90–100,0.529,0.08900000000000001,0.187,0.27899999999999997,0.032,0.046,0.207,0.083,0.073,0.708,117500.0,23500.0,93200.0,2300.0,12500.0,5500.0,11500.0,4700.0,14900.0,115900.0
1998,,All families,0.42,0.045,0.05,0.441,0.023,0.114,0.314,0.122,0.08800000000000001,0.741,91500.0,19200.0,60500.0,2500.0,3700.0,10300.0,12400.0,2500.0,4400.0,47900.0
1998,Percentile of income,Less than 20,0.10800000000000001,,,0.245,,0.099,0.124,0.10300000000000001,0.055,0.473,38400.0,,,1400.0,,8900.0,6700.0,1600.0,1500.0,6500.0
1998,Percentile of income,20–39.9,0.22399999999999998,0.027000000000000003,0.02,0.409,0.017,0.094,0.25,0.111,0.062,0.6679999999999999,56100.0,19200.0,48700.0,1800.0,1600.0,9100.0,8900.0,1600.0,2500.0,14900.0
1998,Percentile of income,40–59.9,0.425,0.033,0.040999999999999995,0.501,0.027000000000000003,0.11699999999999999,0.371,0.156,0.078,0.799,63400.0,17700.0,28000.0,2800.0,2200.0,7800.0,11900.0,2100.0,3000.0,37700.0
1998,Percentile of income,60–79.9,0.624,0.055999999999999994,0.067,0.574,0.028999999999999998,0.13,0.423,0.12,0.113,0.873,95900.0,17700.0,44300.0,3200.0,4100.0,11800.0,13400.0,2800.0,4400.0,85300.0
1998,Percentile of income,80–89.9,0.7240000000000001,0.098,0.078,0.531,0.045,0.155,0.447,0.136,0.121,0.8959999999999999,115100.0,14800.0,62900.0,3000.0,4400.0,7700.0,16700.0,3500.0,7400.0,125900.0
1998,Percentile of income,90–100,0.711,0.107,0.153,0.42100000000000004,0.025,0.102,0.361,0.10800000000000001,0.139,0.8809999999999999,173400.0,32500.0,103300.0,4400.0,9400.0,14800.0,18500.0,14600.0,14800.0,186100.0
1998,Age of head (years),Less than 35,0.32899999999999996,,0.018000000000000002,0.507,0.024,0.23600000000000002,0.369,0.191,0.096,0.812,104800.0,,81200.0,2200.0,1500.0,14800.0,12200.0,1700.0,2500.0,28400.0
1998,Age of head (years),35–44,0.581,0.053,0.066,0.513,0.036000000000000004,0.129,0.392,0.159,0.114,0.8759999999999999,103300.0,14800.0,59000.0,3000.0,2100.0,6800.0,11500.0,3300.0,4400.0,82100.0
1998,Age of head (years),45–54,0.5760000000000001,0.079,0.067,0.525,0.036000000000000004,0.10300000000000001,0.401,0.125,0.111,0.87,97400.0,19200.0,59000.0,2700.0,4400.0,8900.0,14400.0,3300.0,7400.0,71000.0
1998,Age of head (years),55–64,0.47100000000000003,0.065,0.078,0.457,0.016,0.055999999999999994,0.292,0.076,0.083,0.764,73800.0,23600.0,60500.0,3000.0,7200.0,10700.0,12500.0,1500.0,7400.0,50400.0
1998,Age of head (years),65–74,0.247,0.02,0.051,0.292,,,0.166,0.062,0.040999999999999995,0.514,41000.0,22200.0,82600.0,1600.0,,,10100.0,2800.0,6600.0,17600.0
1998,Age of head (years),75 or more,0.091,0.031,0.018000000000000002,0.11199999999999999,,,0.040999999999999995,,0.02,0.24600000000000002,36900.0,17700.0,43900.0,1000.0,,,13100.0,,2500.0,11900.0
1998,Family structure,Single with child(ren),0.289,0.027000000000000003,,0.38,,0.136,0.271,0.129,0.078,0.7090000000000001,66400.0,22100.0,,2200.0,,4400.0,10500.0,1700.0,2700.0,15100.0
1998,Family structure,"Single, no child, age less than 55",0.247,,0.044000000000000004,0.469,0.022000000000000002,0.165,0.267,0.13,0.1,0.763,82600.0,,90000.0,2200.0,3000.0,11800.0,11000.0,2200.0,2800.0,19200.0
1998,Family structure,"Single, no child, age 55 or more ",0.16699999999999998,0.025,0.026000000000000002,0.21100000000000002,,,0.09,0.027999999999999997,0.024,0.382,65000.0,17700.0,76800.0,2100.0,,,8900.0,1500.0,7400.0,15100.0
1998,Family structure,Couple with child(ren),0.655,0.07400000000000001,0.055999999999999994,0.5579999999999999,0.028999999999999998,0.14400000000000002,0.442,0.175,0.11900000000000001,0.91,103300.0,22200.0,58300.0,3000.0,4100.0,10000.0,13200.0,3000.0,5500.0,90700.0
1998,Family structure,"Couple, no child ",0.424,0.044000000000000004,0.07200000000000001,0.424,0.028999999999999998,0.092,0.321,0.098,0.078,0.7170000000000001,84100.0,14800.0,45200.0,2700.0,4400.0,15500.0,14400.0,2000.0,7400.0,50400.0
1998,Education of head,No high school diploma,0.204,,,0.285,,0.026000000000000002,0.217,0.10300000000000001,0.069,0.529,42000.0,,,1700.0,,5700.0,12000.0,1200.0,1900.0,14300.0
1998,Education of head,High school diploma,0.385,0.035,0.037000000000000005,0.43,0.019,0.057,0.33,0.134,0.085,0.6970000000000001,64900.00000000001,21400.0,41300.0,2100.0,3700.0,5000.0,11800.0,2000.0,3700.0,35600.0
1998,Education of head,Some college,0.474,0.046,0.061,0.5429999999999999,0.028999999999999998,0.15,0.36700000000000005,0.136,0.09300000000000001,0.8370000000000001,95900.0,11800.0,73800.0,3000.0,4100.0,7600.0,12400.0,3000.0,4400.0,59000.0
1998,Education of head,College degree,0.544,0.071,0.079,0.455,0.03,0.20199999999999999,0.306,0.109,0.098,0.833,126900.0,22100.0,81200.0,3000.0,4400.0,16900.0,13500.0,5200.0,10300.0,100900.0
1998,Race or ethnicity of respondent,White non-Hispanic,0.455,0.05,0.053,0.44299999999999995,0.025,0.114,0.32,0.12300000000000001,0.08800000000000001,0.748,91500.0,19200.0,62900.0,3000.0,4100.0,11100.0,12900.0,2500.0,4900.0,58600.0
1998,Race or ethnicity of respondent,Black or African-American non-hispanic,0.284,0.027999999999999997,0.038,0.42,,0.113,0.264,0.107,0.1,0.682,77600.0,18300.0,59000.0,1300.0,,5900.0,8400.0,1700.0,1900.0,17700.0
1998,Race or ethnicity of respondent,Hispanic or Latino,0.27399999999999997,,0.032,0.461,,0.091,0.325,0.145,0.068,0.723,76700.0,,30600.0,1800.0,,7400.0,11200.0,2100.0,2500.0,22100.0
1998,Race or ethnicity of respondent,Other or Multiple Race,0.4,,0.057,0.434,,0.157,0.324,0.115,0.075,0.792,122500.0,,110700.0,3100.0,,7600.0,13100.0,4400.0,5600.0,51500.0
1998,Current work status of head,Working for someone else,0.498,0.053,0.051,0.535,0.027000000000000003,0.151,0.40299999999999997,0.149,0.10800000000000001,0.868,97400.0,17300.0,54600.0,2900.0,4100.0,10300.0,12300.0,2200.0,4400.0,51800.0
1998,Current work status of head,Self-employed,0.612,0.067,0.107,0.475,0.037000000000000005,0.095,0.34,0.141,0.107,0.846,109200.0,25100.0,79700.0,3000.0,5600.0,7800.0,15300.0,11800.0,9600.0,95000.0
1998,Current work status of head,Retired,0.174,0.022000000000000002,0.031,0.21,,0.018000000000000002,0.11,0.052000000000000005,0.033,0.39899999999999997,54600.0,23400.0,50200.0,1500.0,,5200.0,11200.0,1500.0,2800.0,15500.0
1998,Current work status of head,Other not working,0.264,,,0.387,,0.183,0.19899999999999998,0.11,0.075,0.655,84100.0,,,1800.0,,11800.0,8900.0,1800.0,1600.0,18600.0
1998,Current occupation of head,Managerial or professional,0.601,0.086,0.077,0.5329999999999999,0.042,0.19,0.345,0.128,0.109,0.9009999999999999,118000.0,19200.0,69300.0,3100.0,4100.0,14800.0,13800.0,4400.0,7400.0,97400.0
1998,Current occupation of head,"Technical, sales, or services",0.435,0.035,0.057,0.522,0.018000000000000002,0.135,0.39399999999999996,0.139,0.10099999999999999,0.828,97400.0,22100.0,76800.0,3000.0,4400.0,8900.0,12100.0,2400.0,5900.0,44400.0
1998,Current occupation of head,Other occupation,0.502,0.042,0.047,0.52,0.027000000000000003,0.102,0.439,0.175,0.11199999999999999,0.86,75200.0,16200.0,41200.0,2200.0,3200.0,5600.0,12500.0,2200.0,3000.0,42800.0
1998,Current occupation of head,Retired or other not working,0.19,0.02,0.026000000000000002,0.24,0.009000000000000001,0.047,0.126,0.062,0.04,0.444,57800.0,26100.0,79700.0,1500.0,1000.0,7400.0,10700.0,1800.0,2500.0,15500.0
1998,Region,Northeast,0.431,0.068,0.055,0.387,0.022000000000000002,0.11800000000000001,0.226,0.10400000000000001,0.079,0.698,90000.0,22100.0,81200.0,2700.0,4400.0,8400.0,13000.0,3900.0,3000.0,67000.0
1998,Region,Midwest,0.44299999999999995,0.057,0.036000000000000004,0.402,0.02,0.11,0.317,0.11900000000000001,0.1,0.7190000000000001,76700.0,14800.0,29500.0,2200.0,1600.0,10300.0,12300.0,3000.0,4400.0,52200.0
1998,Region,South,0.39399999999999996,0.035,0.05,0.461,0.024,0.094,0.387,0.129,0.08800000000000001,0.743,85600.0,19200.0,50200.0,2300.0,3000.0,10300.0,12300.0,2000.0,3700.0,40700.0
1998,Region,West,0.42700000000000005,0.026000000000000002,0.061,0.499,0.027000000000000003,0.146,0.27,0.132,0.081,0.7979999999999999,131300.0,16200.0,100800.0,3000.0,5900.0,10300.0,11800.0,2600.0,7400.0,46800.0
1998,Urbanicity,Metropolitan statistical area (MSA),0.431,0.044000000000000004,0.053,0.447,0.022000000000000002,0.115,0.307,0.115,0.09,0.754,98900.0,19200.0,70800.0,2700.0,4100.0,10000.0,12400.0,2500.0,4400.0,51700.0
1998,Urbanicity,Non-MSA,0.35700000000000004,0.049,0.034,0.40399999999999997,0.032,0.109,0.354,0.165,0.073,0.6609999999999999,47200.0,18300.0,25400.0,2200.0,3200.0,12200.0,12100.0,2400.0,4400.0,36900.0
1998,Housing status,Owner,0.634,0.067,0.062,0.462,0.018000000000000002,0.092,0.34600000000000003,0.115,0.09300000000000001,0.794,91500.0,19200.0,62900.0,3000.0,3200.0,9100.0,13200.0,3600.0,5900.0,89000.0
1998,Housing status,Renter or other,,,0.027000000000000003,0.4,0.034,0.156,0.252,0.13699999999999998,0.078,0.635,,,40600.0,1900.0,4100.0,11800.0,10500.0,1300.0,1900.0,8900.0
1998,Percentile of net worth,Less than 25,0.11199999999999999,,,0.395,0.027999999999999997,0.205,0.271,0.162,0.09300000000000001,0.6559999999999999,83400.0,,,2300.0,1500.0,14800.0,10300.0,1600.0,2200.0,12100.0
1998,Percentile of net worth,25–49.9,0.465,0.036000000000000004,0.032,0.5479999999999999,0.025,0.11699999999999999,0.373,0.138,0.092,0.813,81200.0,17700.0,42800.0,2700.0,4400.0,6600.0,12000.0,2400.0,3000.0,42500.0
1998,Percentile of net worth,50–74.9,0.541,0.064,0.048,0.48700000000000004,0.017,0.084,0.359,0.122,0.077,0.768,88500.0,16200.0,32500.0,2700.0,4400.0,10000.0,13300.0,2400.0,7400.0,67900.0
1998,Percentile of net worth,75–89.9,0.5579999999999999,0.071,0.08900000000000001,0.36700000000000005,0.02,0.054000000000000006,0.27699999999999997,0.067,0.076,0.701,103300.0,29500.0,73800.0,2200.0,1900.0,5600.0,14800.0,10100.0,8900.0,95900.0
1998,Percentile of net worth,90–100,0.563,0.084,0.14800000000000002,0.284,0.026000000000000002,0.043,0.221,0.07,0.10800000000000001,0.76,147500.0,26600.0,106200.0,2800.0,14800.0,11800.0,16900.0,37900.0,29500.0,140700.0
2001,,All families,0.434,0.048,0.046,0.444,0.015,0.11800000000000001,0.35,0.11,0.07200000000000001,0.7509999999999999,97500.0,20300.0,54200.0,2600.0,5300.0,10700.0,12400.0,2700.0,4100.0,52500.0
2001,Percentile of income,Less than 20,0.128,,,0.303,0.013000000000000001,0.077,0.12300000000000001,0.102,0.059000000000000004,0.493,40500.0,,,1400.0,700.0,7500.0,6800.0,1900.0,1400.0,7000.0
2001,Percentile of income,20–39.9,0.259,0.025,0.018000000000000002,0.445,0.015,0.106,0.308,0.136,0.055999999999999994,0.7020000000000001,56800.0,14900.0,40600.0,1700.0,1400.0,9500.0,9000.0,2400.0,4100.0,15600.0
2001,Percentile of income,40–59.9,0.431,0.03,0.032,0.528,0.015,0.136,0.42,0.115,0.077,0.821,77200.0,16300.0,52600.0,2700.0,900.0,10200.0,11900.0,2800.0,2700.0,39400.0
2001,Percentile of income,60–79.9,0.605,0.066,0.053,0.526,0.015,0.154,0.485,0.10400000000000001,0.077,0.856,103000.0,13500.0,56900.0,3100.0,5400.0,10800.0,14800.0,2700.0,4100.0,84400.0
2001,Percentile of income,80–89.9,0.746,0.115,0.10300000000000001,0.503,0.026000000000000002,0.11900000000000001,0.498,0.1,0.09300000000000001,0.914,121900.0,21700.0,42200.0,5100.0,10600.0,18300.0,15800.0,4300.0,5400.0,131200.0
2001,Percentile of income,90–100,0.746,0.10099999999999999,0.142,0.331,0.013999999999999999,0.109,0.325,0.084,0.08800000000000001,0.853,181600.0,35200.0,105700.0,3800.0,13500.0,13000.0,16700.0,4100.0,28500.0,198300.0
2001,Age of head (years),Less than 35,0.35600000000000004,0.028999999999999998,0.027000000000000003,0.496,0.017,0.261,0.45,0.179,0.08800000000000001,0.8270000000000001,104300.0,17600.0,70500.0,2700.0,700.0,10800.0,11800.0,2000.0,2700.0,33700.0
2001,Age of head (years),35–44,0.5870000000000001,0.048,0.049,0.541,0.017,0.125,0.46,0.138,0.08,0.8859999999999999,108400.0,21700.0,66400.0,2700.0,900.0,10800.0,14400.0,3000.0,4200.0,83400.0
2001,Age of head (years),45–54,0.5870000000000001,0.07200000000000001,0.064,0.504,0.015,0.11,0.37799999999999995,0.08800000000000001,0.07400000000000001,0.846,101600.0,23000.0,45400.0,3100.0,7200.0,8100.0,12600.0,3400.0,6800.0,73500.0
2001,Age of head (years),55–64,0.45299999999999996,0.07200000000000001,0.07400000000000001,0.41600000000000004,0.031,0.052000000000000005,0.319,0.085,0.07400000000000001,0.754,79900.0,13500.0,52600.0,2600.0,27800.0,10800.0,11100.0,4300.0,6800.0,46900.0
2001,Age of head (years),65–74,0.302,0.044000000000000004,0.034,0.3,,,0.15,0.067,0.05,0.568,58300.0,20300.0,104300.0,1300.0,,,12000.0,3800.0,3400.0,17700.0
2001,Age of head (years),75 or more,0.084,,0.02,0.184,,,0.079,,0.036000000000000004,0.292,61000.0,,56900.0,1000.0,,,8400.0,,3400.0,6800.0
2001,Family structure,Single with child(ren),0.341,,0.024,0.48100000000000004,,0.14300000000000002,0.345,0.129,0.076,0.736,78600.0,,23000.0,2300.0,,6600.0,9600.0,1900.0,2700.0,27600.0
2001,Family structure,"Single, no child, age less than 55",0.249,0.028999999999999998,0.027000000000000003,0.478,0.026000000000000002,0.162,0.295,0.13699999999999998,0.079,0.767,82900.0,20300.0,70500.0,2200.0,700.0,12200.0,10200.0,2700.0,2700.0,20200.0
2001,Family structure,"Single, no child, age 55 or more ",0.184,,0.03,0.271,,,0.107,0.045,0.057999999999999996,0.433,67700.0,,47900.0,1300.0,,,7900.0,1400.0,4500.0,13800.0
2001,Family structure,Couple with child(ren),0.67,0.073,0.068,0.524,0.013000000000000001,0.149,0.509,0.14300000000000002,0.08800000000000001,0.904,113800.0,24400.0,54200.0,3400.0,4100.0,10400.0,13700.0,2700.0,5400.0,104200.0
2001,Family structure,"Couple, no child ",0.426,0.059000000000000004,0.048,0.405,0.013000000000000001,0.1,0.319,0.081,0.055999999999999994,0.7290000000000001,90800.0,13500.0,54200.0,2300.0,5400.0,12000.0,13600.0,2800.0,8100.0,50100.0
2001,Education of head,No high school diploma,0.249,,0.013999999999999999,0.3,,0.027999999999999997,0.2,0.109,0.057,0.5579999999999999,42100.0,,34700.0,1300.0,,3700.0,11100.0,2500.0,1400.0,16300.0
2001,Education of head,High school diploma,0.389,0.04,0.028999999999999998,0.46399999999999997,0.013999999999999999,0.085,0.38299999999999995,0.122,0.079,0.7390000000000001,73200.0,16300.0,50800.0,2300.0,10600.0,6800.0,10900.0,2300.0,3500.0,34800.0
2001,Education of head,Some college,0.439,0.048,0.047,0.539,0.023,0.152,0.39799999999999996,0.11199999999999999,0.067,0.807,94800.0,23000.0,56900.0,2700.0,4700.0,7500.0,13300.0,3000.0,4100.0,50700.0
2001,Education of head,College degree,0.584,0.071,0.08199999999999999,0.42200000000000004,0.017,0.17600000000000002,0.355,0.094,0.077,0.8270000000000001,132500.0,23000.0,62300.0,3700.0,5400.0,15900.0,14100.0,4300.0,7500.0,115200.0
2001,Race or ethnicity of respondent,White non-Hispanic,0.461,0.057,0.053,0.433,0.017,0.11199999999999999,0.359,0.106,0.07400000000000001,0.758,101600.0,20300.0,54200.0,2700.0,5400.0,10800.0,12400.0,3000.0,5000.0,60700.0
2001,Race or ethnicity of respondent,Black or African-American non-hispanic,0.354,,0.02,0.523,,0.153,0.34700000000000003,0.102,0.05,0.7390000000000001,72400.0,,50800.0,2000.0,,6500.0,12900.0,1900.0,1600.0,26300.0
2001,Race or ethnicity of respondent,Hispanic or Latino,0.319,,,0.433,,0.11900000000000001,0.304,0.13,0.07400000000000001,0.711,100300.0,,,2200.0,,6800.0,9200.0,1500.0,2700.0,21000.0
2001,Race or ethnicity of respondent,Other or Multiple Race,0.405,,0.034,0.415,,0.113,0.27399999999999997,0.154,0.09300000000000001,0.7390000000000001,95300.0,,187000.0,2700.0,,12200.0,18100.0,5400.0,2400.0,52800.0
2001,Current work status of head,Working for someone else,0.515,0.053,0.053,0.532,0.013999999999999999,0.157,0.451,0.125,0.08199999999999999,0.865,100300.0,20300.0,50800.0,2700.0,4100.0,9500.0,12600.0,2600.0,2800.0,57600.0
2001,Current work status of head,Self-employed,0.569,0.08,0.073,0.428,0.035,0.096,0.287,0.11900000000000001,0.081,0.8170000000000001,135500.0,27800.0,118500.0,3400.0,20300.0,12200.0,13500.0,4700.0,16100.000000000002,104200.0
2001,Current work status of head,Retired,0.18,0.026000000000000002,0.019,0.24,,,0.13,0.053,0.044000000000000004,0.441,47400.0,9500.0,59200.0,1200.0,,,10300.0,2700.0,4500.0,13300.0
2001,Current work status of head,Other not working,0.28300000000000003,,,0.326,,0.204,0.254,0.16,0.062,0.625,97500.0,,,2700.0,,10800.0,9300.0,2700.0,3400.0,45800.0
2001,Current occupation of head,Managerial or professional,0.617,0.069,0.092,0.473,0.019,0.165,0.379,0.107,0.077,0.884,131200.0,25700.0,70200.0,3400.0,6800.0,12200.0,13200.0,4100.0,10200.0,109500.0
2001,Current occupation of head,"Technical, sales, or services",0.45,0.049,0.035,0.557,0.024,0.156,0.433,0.133,0.079,0.836,94800.0,21700.0,56900.0,2700.0,5400.0,9200.0,13600.0,2700.0,2700.0,44100.0
2001,Current occupation of head,Other occupation,0.486,0.051,0.033,0.523,,0.114,0.473,0.13699999999999998,0.09,0.846,77200.0,16300.0,36600.0,2300.0,,7800.0,12000.0,2600.0,2700.0,44400.0
2001,Current occupation of head,Retired or other not working,0.19699999999999998,0.023,0.02,0.254,0.01,0.04,0.15,0.071,0.047,0.47100000000000003,61000.0,9500.0,47400.0,1400.0,800.0,10800.0,9800.0,2700.0,4100.0,14600.0
2001,Region,Northeast,0.35600000000000004,0.062,0.049,0.397,,0.11599999999999999,0.251,0.071,0.067,0.67,109700.0,19600.0,63700.0,2300.0,,11600.0,11500.0,5400.0,6100.0,49800.0
2001,Region,Midwest,0.48700000000000004,0.071,0.045,0.439,0.017,0.129,0.381,0.099,0.07400000000000001,0.775,85400.0,20300.0,43500.0,2700.0,6800.0,10800.0,11400.0,2700.0,4100.0,55200.0
2001,Region,South,0.45899999999999996,0.038,0.043,0.447,0.013000000000000001,0.105,0.396,0.125,0.065,0.768,79900.0,16300.0,54200.0,2600.0,7900.0,7500.0,13500.0,2400.0,3400.0,48500.0
2001,Region,West,0.40399999999999997,0.027000000000000003,0.048,0.484,0.025,0.128,0.325,0.13,0.087,0.769,135500.0,27100.0,62300.0,2400.0,4100.0,12000.0,12500.0,2700.0,4100.0,52800.0
2001,Urbanicity,Metropolitan statistical area (MSA),0.44299999999999995,0.049,0.047,0.44799999999999995,0.013000000000000001,0.122,0.344,0.109,0.069,0.758,104300.0,20300.0,54200.0,2700.0,4700.0,10800.0,12700.0,2700.0,4100.0,54400.0
2001,Urbanicity,Non-MSA,0.379,0.04,0.036000000000000004,0.419,0.028999999999999998,0.09,0.384,0.115,0.092,0.7090000000000001,65000.0,16300.0,70500.0,2000.0,9500.0,7500.0,11200.0,3400.0,3400.0,33900.0
2001,Housing status,Owner,0.6409999999999999,0.071,0.057999999999999996,0.444,0.01,0.096,0.374,0.10300000000000001,0.069,0.799,97500.0,20300.0,54200.0,2800.0,20300.0,10800.0,13500.0,4000.0,5400.0,93900.0
2001,Housing status,Renter or other,,,0.02,0.44299999999999995,0.027999999999999997,0.163,0.298,0.124,0.078,0.65,,,50900.0,1600.0,1400.0,9500.0,9300.0,1600.0,2700.0,8100.0
2001,Percentile of net worth,Less than 25,0.11,,,0.45399999999999996,0.025,0.19699999999999998,0.311,0.166,0.083,0.687,77200.0,,,2200.0,700.0,12200.0,9500.0,1900.0,2700.0,11800.0
2001,Percentile of net worth,25–49.9,0.488,0.027999999999999997,0.02,0.5489999999999999,0.012,0.115,0.41100000000000003,0.125,0.07200000000000001,0.809,78300.0,16300.0,27100.0,2600.0,2400.0,6800.0,12500.0,2700.0,1600.0,52200.0
2001,Percentile of net worth,50–74.9,0.58,0.061,0.055,0.449,,0.106,0.41200000000000003,0.084,0.071,0.78,93500.0,13500.0,63700.0,2700.0,,10800.0,12500.0,3000.0,5400.0,81000.0
2001,Percentile of net worth,75–89.9,0.5770000000000001,0.098,0.076,0.39,,0.07400000000000001,0.31,0.062,0.049,0.75,121900.0,25700.0,52700.0,2700.0,,11400.0,15500.0,4100.0,9500.0,108400.0
2001,Percentile of net worth,90–100,0.527,0.091,0.142,0.221,0.021,0.02,0.196,0.066,0.08199999999999999,0.6970000000000001,189700.0,25700.0,105700.0,2700.0,27800.0,19000.0,15700.0,8100.0,40600.0,168000.0
2004,,All families,0.45899999999999996,0.086,0.04,0.462,0.016,0.135,0.35600000000000004,0.085,0.076,0.764,122100.0,28000.0,110600.0,2700.0,3800.0,11400.0,13800.0,3200.0,5100.0,70300.0
2004,Percentile of income,Less than 20,0.146,,,0.28800000000000003,,0.109,0.128,0.073,0.046,0.526,47200.0,,,1300.0,,8000.0,7800.0,1800.0,2500.0,8900.0
2004,Percentile of income,20–39.9,0.289,0.025,0.015,0.429,0.015,0.10400000000000001,0.267,0.115,0.057999999999999996,0.698,67400.0,24800.0,41300.0,2400.0,400.0,12700.0,9800.0,2300.0,3400.0,20400.0
2004,Percentile of income,40–59.9,0.5,0.071,0.026000000000000002,0.551,0.018000000000000002,0.158,0.436,0.1,0.08,0.84,99200.0,18400.0,83900.0,2700.0,1300.0,12700.0,11700.0,3300.0,2900.0,56500.0
2004,Percentile of income,60–79.9,0.629,0.132,0.040999999999999995,0.561,0.018000000000000002,0.172,0.48700000000000004,0.085,0.083,0.866,123400.0,24200.0,78900.0,3800.0,8900.0,10200.0,16200.0,3300.0,4500.0,118800.0
2004,Percentile of income,80–89.9,0.74,0.174,0.076,0.5760000000000001,0.026000000000000002,0.14400000000000002,0.536,0.071,0.122,0.919,165300.0,25400.0,99200.0,3400.0,17800.0,13200.0,17900.0,6400.0,6400.0,173000.0
2004,Percentile of income,90–100,0.727,0.2,0.154,0.385,0.025,0.12,0.389,0.037000000000000005,0.106,0.863,234000.0,50900.0,202200.0,5100.0,50900.0,12700.0,21700.0,5900.0,12000.0,265800.0
2004,Age of head (years),Less than 35,0.377,0.035,0.021,0.475,0.022000000000000002,0.28600000000000003,0.413,0.132,0.062,0.7979999999999999,128400.0,38200.0,79500.0,1900.0,1300.0,11700.0,12400.0,1900.0,3800.0,42700.0
2004,Age of head (years),35–44,0.622,0.105,0.04,0.588,0.015,0.146,0.455,0.10300000000000001,0.113,0.8859999999999999,139900.0,30500.0,95400.0,3200.0,2500.0,12300.0,14200.0,5700.0,5100.0,110900.0
2004,Age of head (years),45–54,0.625,0.131,0.063,0.54,0.028999999999999998,0.126,0.39,0.084,0.094,0.884,120800.0,25400.0,110600.0,3700.0,8900.0,8800.0,14900.0,3700.0,5100.0,105900.0
2004,Age of head (years),55–64,0.46299999999999997,0.11699999999999999,0.059000000000000004,0.42100000000000004,0.006999999999999999,0.087,0.34700000000000003,0.064,0.084,0.763,108100.0,28600.0,138400.0,2800.0,17800.0,11400.0,16800.0,4600.0,7000.0,61000.0
2004,Age of head (years),65–74,0.29100000000000004,0.064,0.032,0.319,0.004,,0.242,0.046,0.04,0.588,72800.0,19100.0,127200.0,2800.0,5100.0,,11600.0,3100.0,6400.0,31800.0
2004,Age of head (years),75 or more,0.157,0.04,0.015,0.235,,,0.105,,0.025,0.40299999999999997,50700.0,19100.0,49600.0,1300.0,,,8400.0,,2500.0,19600.0
2004,Family structure,Single with child(ren),0.413,0.055999999999999994,0.016,0.486,,0.14400000000000002,0.309,0.083,0.061,0.779,95600.0,30500.0,40000.0,2500.0,,8900.0,10600.0,1700.0,2500.0,44500.0
2004,Family structure,"Single, no child, age less than 55",0.326,0.046,0.036000000000000004,0.47600000000000003,0.019,0.19699999999999998,0.257,0.136,0.084,0.778,113200.0,22100.0,95700.0,2400.0,400.0,10200.0,10400.0,2500.0,3800.0,27600.0
2004,Family structure,"Single, no child, age 55 or more ",0.2,0.040999999999999995,0.025,0.278,,,0.149,0.055,0.051,0.479,63600.0,21600.0,101700.0,2300.0,,,11800.0,3700.0,2500.0,20700.0
2004,Family structure,Couple with child(ren),0.665,0.136,0.051,0.5670000000000001,0.021,0.18,0.511,0.094,0.102,0.9009999999999999,138600.0,31800.0,120800.0,3200.0,5100.0,12700.0,15000.0,3300.0,6400.0,127200.0
2004,Family structure,"Couple, no child ",0.455,0.087,0.05,0.418,0.017,0.105,0.36200000000000004,0.063,0.062,0.743,124600.0,24200.0,127200.0,2800.0,14000.0,10200.0,16200.0,5100.0,5100.0,69900.0
2004,Education of head,No high school diploma,0.225,0.03,,0.295,,0.034,0.20800000000000002,0.085,0.057,0.534,60200.0,25400.0,,1500.0,,6400.0,11100.0,2200.0,5100.0,15300.0
2004,Education of head,High school diploma,0.40399999999999997,0.064,0.022000000000000002,0.48200000000000004,0.018000000000000002,0.067,0.365,0.10099999999999999,0.059000000000000004,0.732,89000.0,20300.0,59800.0,2400.0,1900.0,6400.0,11700.0,2600.0,3800.0,39400.0
2004,Education of head,Some college,0.494,0.08,0.046,0.5589999999999999,0.017,0.191,0.41,0.099,0.1,0.852,110600.0,28000.0,99200.0,2800.0,3800.0,8300.0,14200.0,3500.0,3800.0,65400.00000000001
2004,Education of head,College degree,0.598,0.13699999999999998,0.071,0.44299999999999995,0.018000000000000002,0.20600000000000002,0.374,0.059000000000000004,0.084,0.835,165300.0,33100.0,133500.0,3700.0,5100.0,19100.0,16500.0,5900.0,8900.0,148700.0
2004,Race or ethnicity of respondent,White non-Hispanic,0.49700000000000005,0.105,0.044000000000000004,0.46,0.017,0.13699999999999998,0.374,0.083,0.078,0.78,124600.0,28000.0,110600.0,3200.0,5100.0,12700.0,14200.0,3700.0,5100.0,88400.0
2004,Race or ethnicity of respondent,Black or African-American non-hispanic,0.34299999999999997,,0.023,0.46799999999999997,,0.166,0.309,0.10800000000000001,0.081,0.7120000000000001,91600.0,,51000.0,1800.0,,10500.0,10800.0,1600.0,4100.0,38200.0
2004,Race or ethnicity of respondent,Hispanic or Latino,0.344,0.035,0.023,0.473,,0.08199999999999999,0.307,0.08199999999999999,0.063,0.6990000000000001,122100.0,45800.0,190800.0,2200.0,,6400.0,14000.0,3200.0,1300.0,34200.0
2004,Race or ethnicity of respondent,Other or Multiple Race,0.43799999999999994,0.057999999999999996,0.054000000000000006,0.456,,0.11599999999999999,0.312,0.068,0.068,0.794,136100.0,38200.0,56600.0,3300.0,,6400.0,13800.0,4300.0,5700.0,48300.0
2004,Current work status of head,Working for someone else,0.5479999999999999,0.09300000000000001,0.040999999999999995,0.5489999999999999,0.019,0.17800000000000002,0.43700000000000006,0.1,0.098,0.861,126000.0,27300.0,105600.0,2900.0,5100.0,11400.0,14200.0,2500.0,4500.0,91400.0
2004,Current work status of head,Self-employed,0.5710000000000001,0.132,0.102,0.44299999999999995,0.03,0.094,0.363,0.071,0.057999999999999996,0.815,149800.0,38200.0,127200.0,3400.0,2800.0,19100.0,17700.0,6400.0,8900.0,118800.0
2004,Current work status of head,Retired,0.212,0.055999999999999994,0.012,0.259,,0.02,0.17600000000000002,0.055,0.039,0.507,56000.0,22900.0,100500.0,1800.0,,6400.0,9800.0,3900.0,3800.0,19600.0
2004,Current work status of head,Other not working,0.28600000000000003,,,0.41,,0.27699999999999997,0.20199999999999999,0.09300000000000001,,0.7040000000000001,108100.0,,,3200.0,,9500.0,9300.0,2100.0,,26800.0
2004,Current occupation of head,Managerial or professional,0.6609999999999999,0.146,0.078,0.508,0.018000000000000002,0.19699999999999998,0.41200000000000003,0.073,0.102,0.893,161500.0,34300.0,117000.0,3800.0,10200.0,17800.0,16300.0,5400.0,6400.0,147400.0
2004,Current occupation of head,"Technical, sales, or services",0.44299999999999995,0.066,0.034,0.542,0.024,0.138,0.406,0.113,0.075,0.815,113200.0,33100.0,133500.0,2500.0,1900.0,8900.0,13700.0,2600.0,3800.0,55100.0
2004,Current occupation of head,Other occupation,0.519,0.07200000000000001,0.032,0.552,0.021,0.14800000000000002,0.461,0.106,0.096,0.84,101700.0,20300.0,99200.0,2900.0,1900.0,8800.0,12500.0,2500.0,3800.0,65400.00000000001
2004,Current occupation of head,Retired or other not working,0.22399999999999998,0.05,0.013000000000000001,0.282,,0.06,0.18,0.061,0.036000000000000004,0.537,69900.0,21600.0,123400.0,1900.0,,8900.0,9800.0,3600.0,5100.0,20500.0
2004,Region,Northeast,0.444,0.12,0.035,0.466,0.011000000000000001,0.14300000000000002,0.317,0.061,0.078,0.763,139900.0,38200.0,127200.0,3200.0,400.0,13200.0,14700.0,4500.0,6400.0,69600.0
2004,Region,Midwest,0.495,0.11699999999999999,0.040999999999999995,0.447,0.016,0.146,0.39399999999999996,0.096,0.086,0.754,109400.0,27300.0,101700.0,2500.0,3800.0,14700.0,12500.0,3400.0,5100.0,87300.0
2004,Region,South,0.434,0.055,0.032,0.46,0.016,0.11699999999999999,0.341,0.081,0.065,0.75,101700.0,23700.0,105600.0,2500.0,10200.0,8900.0,13900.0,2000.0,5100.0,51300.0
2004,Region,West,0.478,0.07400000000000001,0.057999999999999996,0.475,0.018000000000000002,0.147,0.375,0.10099999999999999,0.084,0.799,160200.0,35600.0,110600.0,3200.0,5100.0,10500.0,14400.0,3900.0,3800.0,98700.0
2004,Urbanicity,Metropolitan statistical area (MSA),0.469,0.09300000000000001,0.044000000000000004,0.469,0.016,0.139,0.35,0.08,0.079,0.768,132600.0,29300.0,111900.0,2800.0,2800.0,11700.0,14300.0,3300.0,5100.0,87800.0
2004,Urbanicity,Non-MSA,0.41100000000000003,0.05,0.02,0.428,0.016,0.11599999999999999,0.386,0.11,0.064,0.747,63600.0,16500.0,80100.0,2500.0,25400.0,8900.0,11400.0,2300.0,5100.0,33400.0
2004,Housing status,Owner,0.665,0.124,0.051,0.488,0.013000000000000001,0.11,0.392,0.07200000000000001,0.077,0.823,122100.0,28000.0,114500.0,3200.0,10200.0,12300.0,15100.0,3300.0,5100.0,121800.0
2004,Housing status,Renter or other,,,0.017,0.40399999999999997,0.021,0.191,0.275,0.11599999999999999,0.073,0.634,,,105600.0,1900.0,600.0,10800.0,10300.0,2500.0,3800.0,9900.0
2004,Percentile of net worth,Less than 25,0.11699999999999999,,,0.40299999999999997,0.013000000000000001,0.233,0.282,0.135,0.062,0.649,95400.0,,,2200.0,400.0,12700.0,11300.0,3200.0,5100.0,14400.0
2004,Percentile of net worth,25–49.9,0.521,0.045,0.013999999999999999,0.58,0.017,0.142,0.424,0.09699999999999999,0.094,0.838,95400.0,30500.0,33500.0,2500.0,1300.0,8900.0,10800.0,2000.0,2500.0,56000.0
2004,Percentile of net worth,50–74.9,0.644,0.11900000000000001,0.045,0.529,0.019,0.106,0.413,0.076,0.069,0.8320000000000001,123400.0,21500.0,61600.0,3200.0,10000.0,12700.0,16200.0,3300.0,5100.0,114900.0
2004,Percentile of net worth,75–89.9,0.573,0.163,0.057999999999999996,0.40299999999999997,0.013000000000000001,0.067,0.348,0.04,0.07200000000000001,0.746,148800.0,29300.0,125900.0,3800.0,28000.0,10200.0,15700.0,8500.0,6400.0,139900.0
2004,Percentile of net worth,90–100,0.53,0.175,0.166,0.235,0.015,0.045,0.24,0.024,0.091,0.727,237800.0,48300.0,188200.0,3900.0,63600.0,9500.0,20700.0,25000.0,25400.0,242600.0
2007,,All families,0.46299999999999997,0.085,0.055,0.461,0.017,0.152,0.349,0.10099999999999999,0.068,0.77,127400.0,27800.0,115800.0,3500.0,4400.0,13900.0,13400.0,3200.0,5800.0,78000.0
2007,Percentile of income,Less than 20,0.13699999999999998,0.019,0.011000000000000001,0.257,,0.107,0.13,0.098,0.039,0.517,49800.0,12200.0,81100.0,1200.0,,10100.0,6300.0,2600.0,3500.0,10400.0
2007,Percentile of income,20–39.9,0.263,0.055999999999999994,0.019,0.395,0.018000000000000002,0.13,0.27,0.125,0.068,0.7020000000000001,67200.0,17400.0,48600.0,2100.0,1500.0,11200.0,10700.0,1900.0,4600.0,20800.0
2007,Percentile of income,40–59.9,0.48700000000000004,0.069,0.026000000000000002,0.5479999999999999,,0.166,0.41100000000000003,0.126,0.064,0.838,103600.0,17400.0,79700.0,2800.0,,11600.0,13500.0,3300.0,4600.0,63100.0
2007,Percentile of income,60–79.9,0.6779999999999999,0.111,0.069,0.621,0.021,0.19,0.514,0.08900000000000001,0.087,0.909,133200.0,23200.0,96100.0,4600.0,5900.0,19700.0,14900.0,3700.0,6100.0,128900.0
2007,Percentile of income,80–89.9,0.77,0.142,0.085,0.5579999999999999,,0.212,0.467,0.083,0.096,0.8959999999999999,189900.0,34700.0,144800.0,6400.0,,13900.0,14600.0,4900.0,5800.0,211000.0
2007,Percentile of income,90–100,0.7240000000000001,0.2,0.21899999999999997,0.406,0.021,0.126,0.376,0.053,0.07,0.8759999999999999,231600.0,55600.0,170800.0,8700.0,20100.0,18800.0,19900.0,7300.0,8700.0,272100.0
2007,Age of head (years),Less than 35,0.37200000000000005,0.04,0.033,0.485,0.021,0.33799999999999997,0.44299999999999995,0.135,0.059000000000000004,0.836,154000.0,27800.0,90300.0,2100.0,1200.0,15100.0,13400.0,2000.0,5200.0,41900.0
2007,Age of head (years),35–44,0.593,0.08800000000000001,0.065,0.517,0.022000000000000002,0.149,0.426,0.14300000000000002,0.075,0.862,144800.0,23200.0,117600.0,4100.0,5300.0,13900.0,14300.0,3500.0,5800.0,122900.0
2007,Age of head (years),45–54,0.638,0.11699999999999999,0.08,0.536,0.019,0.145,0.391,0.107,0.098,0.868,123900.0,29000.0,95000.0,4200.0,6900.0,13900.0,13400.0,4300.0,5200.0,111000.0
2007,Age of head (years),55–64,0.502,0.126,0.078,0.499,0.012,0.106,0.35200000000000004,0.087,0.087,0.818,104200.0,23200.0,150500.0,4200.0,11600.0,8200.0,12500.0,4000.0,6900.0,69800.0
2007,Age of head (years),65–74,0.355,0.096,0.05,0.37,0.015,,0.21600000000000003,0.06,0.044000000000000004,0.655,98100.0,17400.0,144800.0,3500.0,34700.0,,13800.0,6400.0,5800.0,46500.0
2007,Age of head (years),75 or more,0.11,0.034,0.006,0.188,,,0.061,,0.013000000000000001,0.314,57900.0,29000.0,57900.0,900.0,,,10200.0,,5200.0,15100.0
2007,Family structure,Single with child(ren),0.368,0.065,0.027000000000000003,0.45299999999999996,0.026000000000000002,0.20199999999999999,0.284,0.135,0.10099999999999999,0.78,108700.0,20800.0,98400.0,1800.0,2900.0,8100.0,10800.0,2800.0,5800.0,34400.0
2007,Family structure,"Single, no child, age less than 55",0.344,0.06,0.035,0.429,,0.187,0.275,0.11900000000000001,0.07,0.769,114100.0,23200.0,90900.0,2200.0,,13500.0,9400.0,2500.0,3500.0,35900.0
2007,Family structure,"Single, no child, age 55 or more ",0.198,0.04,0.019,0.302,,,0.134,0.067,0.037000000000000005,0.48200000000000004,67200.0,17400.0,156300.0,2700.0,,,6900.0,3200.0,4600.0,17500.0
2007,Family structure,Couple with child(ren),0.6779999999999999,0.11,0.084,0.547,0.02,0.207,0.504,0.127,0.079,0.9109999999999999,149400.0,38200.0,107700.0,4600.0,5800.0,13900.0,14900.0,3100.0,6100.0,140100.0
2007,Family structure,"Couple, no child ",0.45899999999999996,0.10400000000000001,0.066,0.467,0.015,0.125,0.354,0.066,0.057,0.76,121600.0,27800.0,144800.0,3800.0,4400.0,18600.0,15200.0,5600.0,5800.0,82000.0
2007,Education of head,No high school diploma,0.245,0.031,0.019,0.26899999999999996,,0.057,0.235,0.109,0.053,0.555,66500.0,23200.0,61700.0,1700.0,,6900.0,11900.0,2300.0,4600.0,22600.0
2007,Education of head,High school diploma,0.424,0.076,0.032,0.46799999999999997,0.013999999999999999,0.08800000000000001,0.35700000000000004,0.115,0.064,0.7509999999999999,99600.0,20800.0,95000.0,2600.0,1600.0,7200.0,12600.0,2900.0,5200.0,46300.0
2007,Education of head,Some college,0.473,0.091,0.057999999999999996,0.534,0.022000000000000002,0.203,0.39899999999999997,0.11,0.08800000000000001,0.833,115000.0,23200.0,92600.0,3200.0,4400.0,12700.0,13600.0,4800.0,5800.0,68700.0
2007,Education of head,College degree,0.6,0.11699999999999999,0.09699999999999999,0.48,0.016,0.22699999999999998,0.35200000000000004,0.075,0.063,0.84,176000.0,34700.0,147100.0,5800.0,7400.0,23200.0,14700.0,2800.0,6900.0,161900.0
2007,Race or ethnicity of respondent,White non-Hispanic,0.49200000000000005,0.098,0.057999999999999996,0.451,0.016,0.139,0.35600000000000004,0.09300000000000001,0.067,0.768,126200.0,23200.0,105200.0,3800.0,5800.0,14500.0,13500.0,4100.0,5800.0,88500.0
2007,Race or ethnicity of respondent,Black or African-American non-hispanic,0.376,,0.032,0.503,,0.225,0.304,0.127,0.081,0.768,115800.0,,159900.0,2300.0,,10700.0,9600.0,2100.0,3500.0,35200.0
2007,Race or ethnicity of respondent,Hispanic or Latino,0.371,0.067,0.059000000000000004,0.45399999999999996,,0.14,0.34700000000000003,0.132,0.07,0.735,130900.0,34700.0,107700.0,3000.0,,11600.0,14200.0,1600.0,6100.0,61800.0
2007,Race or ethnicity of respondent,Other or Multiple Race,0.43200000000000005,0.075,0.059000000000000004,0.488,0.028999999999999998,0.175,0.359,0.10800000000000001,0.055999999999999994,0.828,151700.0,27800.0,132900.0,2900.0,800.0,11600.0,14300.0,3900.0,5800.0,60800.0
2007,Current work status of head,Working for someone else,0.552,0.09300000000000001,0.054000000000000006,0.537,0.019,0.201,0.435,0.11800000000000001,0.087,0.862,134300.0,25200.0,103000.0,3500.0,3400.0,13900.0,13600.0,2900.0,5800.0,95100.0
2007,Current work status of head,Self-employed,0.615,0.11,0.151,0.489,0.036000000000000004,0.111,0.354,0.071,0.047,0.868,162100.0,52600.0,175500.0,5000.0,5800.0,15100.0,16600.0,13100.0,11600.0,142100.0
2007,Current work status of head,Retired,0.223,0.065,0.026000000000000002,0.282,0.008,0.037000000000000005,0.168,0.064,0.032,0.523,67200.0,15100.0,115800.0,1700.0,7400.0,11600.0,11300.0,3400.0,5200.0,23200.0
2007,Current work status of head,Other not working,0.255,,,0.369,,0.24,0.20800000000000002,0.149,0.075,0.6990000000000001,95000.0,,,2100.0,,11600.0,11600.0,2000.0,9300.0,25300.0
2007,Current occupation of head,Managerial or professional,0.6579999999999999,0.127,0.1,0.527,0.018000000000000002,0.226,0.43200000000000005,0.10099999999999999,0.07,0.909,162100.0,31300.0,150500.0,5200.0,10400.0,19700.0,14900.0,4100.0,8100.0,159300.0
2007,Current occupation of head,"Technical, sales, or services",0.47700000000000004,0.086,0.045,0.532,0.027000000000000003,0.179,0.37,0.11699999999999999,0.079,0.818,115800.0,23200.0,121600.0,3500.0,4100.0,11600.0,13200.0,3500.0,4600.0,76200.0
2007,Current occupation of head,Other occupation,0.522,0.065,0.051,0.532,0.021,0.147,0.465,0.11900000000000001,0.09699999999999999,0.8490000000000001,110000.0,29000.0,69500.0,2900.0,4600.0,9300.0,13300.0,2800.0,5600.0,74300.0
2007,Current occupation of head,Retired or other not working,0.228,0.06,0.025,0.29600000000000004,0.006999999999999999,0.069,0.174,0.077,0.039,0.55,79900.0,17400.0,115800.0,1700.0,7400.0,11600.0,11400.0,2300.0,5800.0,23200.0
2007,Region,Northeast,0.456,0.107,0.049,0.44299999999999995,,0.174,0.263,0.077,0.055999999999999994,0.733,127400.0,29000.0,110000.0,3500.0,,13900.0,13200.0,4100.0,7500.0,77200.0
2007,Region,Midwest,0.48200000000000004,0.092,0.052000000000000005,0.455,0.019,0.154,0.359,0.121,0.07,0.7829999999999999,109800.0,19700.0,95600.0,3500.0,5800.0,17100.0,11500.0,2300.0,5800.0,70900.0
2007,Region,South,0.446,0.055,0.046,0.435,0.017,0.139,0.37,0.10300000000000001,0.069,0.753,115800.0,22600.0,92600.0,3200.0,3700.0,13100.0,13900.0,3300.0,5200.0,70500.0
2007,Region,West,0.47600000000000003,0.11,0.081,0.524,0.027000000000000003,0.155,0.375,0.098,0.075,0.816,171600.0,46300.0,185300.0,3500.0,4400.0,15100.0,14500.0,3000.0,6900.0,110600.0
2007,Urbanicity,Metropolitan statistical area (MSA),0.473,0.09,0.061,0.46299999999999997,0.018000000000000002,0.159,0.33799999999999997,0.096,0.066,0.774,137800.0,27800.0,117000.0,3500.0,4100.0,14500.0,13600.0,3300.0,5800.0,90500.0
2007,Urbanicity,Non-MSA,0.41,0.064,0.028999999999999998,0.44799999999999995,0.016,0.12,0.402,0.126,0.08,0.7509999999999999,71800.0,16200.0,81100.0,2300.0,6900.0,9300.0,12800.0,2900.0,5800.0,34500.0
2007,Housing status,Owner,0.674,0.124,0.069,0.501,0.013000000000000001,0.128,0.375,0.085,0.068,0.8240000000000001,127400.0,27800.0,115800.0,4200.0,8700.0,17100.0,14000.0,4100.0,5800.0,128600.0
2007,Housing status,Renter or other,,,0.026000000000000002,0.373,0.027999999999999997,0.20600000000000002,0.292,0.138,0.069,0.654,,,92600.0,1500.0,1200.0,11600.0,10800.0,2300.0,5700.0,10600.0
2007,Percentile of net worth,Less than 25,0.11,,,0.41,0.026000000000000002,0.257,0.306,0.16399999999999998,0.067,0.688,123900.0,,,1700.0,1200.0,13900.0,11000.0,2300.0,5800.0,13700.0
2007,Percentile of net worth,25–49.9,0.5479999999999999,0.054000000000000006,0.032,0.529,0.013000000000000001,0.152,0.418,0.126,0.08199999999999999,0.825,98400.0,16200.0,85700.0,3200.0,2300.0,13900.0,13800.0,2300.0,4500.0,74400.0
2007,Percentile of net worth,50–74.9,0.609,0.124,0.049,0.517,0.016,0.131,0.382,0.066,0.07400000000000001,0.8029999999999999,126200.0,22000.0,83400.0,4200.0,4900.0,11600.0,13600.0,5800.0,5800.0,113700.0
2007,Percentile of net worth,75–89.9,0.595,0.15,0.085,0.441,0.015,0.079,0.325,0.054000000000000006,0.038,0.768,140800.0,34700.0,108900.0,4600.0,11900.0,13900.0,13600.0,4800.0,5800.0,146900.0
2007,Percentile of net worth,90–100,0.5660000000000001,0.165,0.218,0.305,0.015,0.057,0.23600000000000002,0.043,0.068,0.7609999999999999,231600.0,48600.0,185300.0,5800.0,49800.0,22000.0,18000.0,10700.0,17400.0,238200.0
2010,,All families,0.452,0.07200000000000001,0.053,0.39399999999999996,0.021,0.192,0.302,0.115,0.064,0.7490000000000001,121600.0,29200.0,108300.0,2900.0,6600.0,14400.0,11100.0,3700.0,5000.0,78200.0
2010,Percentile of income,Less than 20,0.13699999999999998,0.021,0.013000000000000001,0.23199999999999998,0.012,0.16,0.11699999999999999,0.133,0.042,0.525,65200.0,21000.0,79600.0,1100.0,1100.0,9900.0,6400.0,2600.0,2200.0,11200.0
2010,Percentile of income,20–39.9,0.27899999999999997,0.03,0.017,0.33399999999999996,0.022000000000000002,0.152,0.223,0.133,0.042,0.6679999999999999,73500.0,24300.0,66300.0,1700.0,3000.0,9900.0,8500.0,3300.0,2200.0,22300.0
2010,Percentile of income,40–59.9,0.498,0.068,0.035,0.45,0.021,0.198,0.33399999999999996,0.14300000000000002,0.068,0.818,99500.0,17700.0,69100.0,2400.0,5500.0,14900.0,10600.0,3400.0,3900.0,67800.0
2010,Percentile of income,60–79.9,0.636,0.09300000000000001,0.06,0.531,0.019,0.23399999999999999,0.434,0.09699999999999999,0.078,0.8690000000000001,128100.0,32100.0,73900.0,3400.0,3500.0,14400.0,12200.0,4600.0,6600.0,117800.0
2010,Percentile of income,80–89.9,0.718,0.129,0.091,0.51,0.02,0.272,0.46,0.087,0.11800000000000001,0.889,174600.0,23200.0,97300.0,6500.0,16000.0,20300.0,13900.0,4400.0,5500.0,181100.0
2010,Percentile of income,90–100,0.703,0.16399999999999998,0.19399999999999998,0.336,0.037000000000000005,0.156,0.34299999999999997,0.047,0.066,0.845,248700.0,60000.0,199000.0,8800.0,22100.0,27100.0,19500.0,13300.0,19900.0,295300.0
2010,Age of head (years),Less than 35,0.33899999999999997,0.023,0.028999999999999998,0.387,0.018000000000000002,0.401,0.322,0.126,0.055,0.778,132600.0,16600.0,98400.0,1800.0,2200.0,14400.0,10900.0,2400.0,2200.0,43800.0
2010,Age of head (years),35–44,0.573,0.055999999999999994,0.051,0.457,0.022000000000000002,0.265,0.408,0.145,0.086,0.86,150600.0,33200.0,94000.0,3900.0,2800.0,14900.0,12300.0,4500.0,4900.0,119400.0
2010,Age of head (years),45–54,0.585,0.109,0.076,0.462,0.027000000000000003,0.17600000000000002,0.359,0.121,0.09699999999999999,0.841,123800.0,33200.0,127100.0,3900.0,6600.0,13300.0,10800.0,3500.0,5500.0,101500.0
2010,Age of head (years),55–64,0.506,0.106,0.076,0.413,0.03,0.09300000000000001,0.282,0.125,0.067,0.777,105000.0,23200.0,108300.0,3100.0,12200.0,16600.0,10400.0,5000.0,6600.0,85000.0
2010,Age of head (years),65–74,0.366,0.087,0.05,0.319,0.012,0.042,0.228,0.083,0.023,0.652,87300.0,32100.0,138200.0,2400.0,8900.0,13300.0,10900.0,4400.0,6600.0,49800.0
2010,Age of head (years),75 or more,0.212,0.049,0.028999999999999998,0.217,,,0.081,0.043,0.02,0.385,64099.99999999999,22100.0,82700.0,2000.0,,,11200.0,3500.0,14400.0,33200.0
2010,Family structure,Single with child(ren),0.355,0.028999999999999998,0.026000000000000002,0.353,0.012,0.23199999999999998,0.267,0.139,0.067,0.735,105000.0,30900.0,105000.0,2200.0,8900.0,10900.0,8800.0,3900.0,3100.0,33400.0
2010,Family structure,"Single, no child, age less than 55",0.309,0.033,0.027000000000000003,0.37200000000000005,0.023,0.243,0.233,0.128,0.057,0.733,121600.0,24300.0,109400.0,1800.0,3300.0,16600.0,9900.0,2800.0,5500.0,38500.0
2010,Family structure,"Single, no child, age 55 or more ",0.268,0.051,0.032,0.26899999999999996,0.01,0.028999999999999998,0.122,0.086,0.025,0.522,73500.0,19900.0,79600.0,1900.0,3600.0,11600.0,7900.0,3700.0,2300.0,30900.0
2010,Family structure,Couple with child(ren),0.636,0.10099999999999999,0.073,0.474,0.027999999999999997,0.27,0.431,0.127,0.08800000000000001,0.875,143700.0,33200.0,117500.0,3800.0,6600.0,14400.0,12100.0,4200.0,4700.0,124700.0
2010,Family structure,"Couple, no child ",0.46299999999999997,0.09,0.069,0.401,0.021,0.14400000000000002,0.305,0.098,0.062,0.745,112700.0,22100.0,107200.0,3400.0,14400.0,16100.000000000002,12200.0,4300.0,6400.0,80100.0
2010,Education of head,No high school diploma,0.258,0.038,,0.27699999999999997,0.016,0.055,0.221,0.152,0.048,0.564,66300.0,21000.0,,1600.0,600.0,6800.0,9600.0,2400.0,2500.0,19400.0
2010,Education of head,High school diploma,0.402,0.057,0.027999999999999997,0.369,0.017,0.13,0.299,0.135,0.064,0.706,94000.0,24300.0,69100.0,2300.0,3500.0,8800.0,11100.0,3200.0,3300.0,47300.0
2010,Education of head,Some college,0.45899999999999996,0.063,0.054000000000000006,0.47600000000000003,0.021,0.267,0.359,0.12300000000000001,0.077,0.82,116100.0,21800.0,68500.0,2600.0,3000.0,13300.0,10200.0,3800.0,3400.0,66300.0
2010,Education of head,College degree,0.575,0.10800000000000001,0.096,0.39899999999999997,0.026000000000000002,0.248,0.289,0.07200000000000001,0.06,0.809,176900.0,33200.0,151000.0,4600.0,17300.0,22100.0,12800.0,5500.0,11100.0,159700.0
2010,Race or ethnicity of respondent,White non-Hispanic,0.495,0.087,0.061,0.39299999999999996,0.024,0.19,0.312,0.106,0.061,0.759,123800.0,27600.0,121600.0,3400.0,6600.0,14900.0,11300.0,4200.0,5700.0,93900.0
2010,Race or ethnicity of respondent,Black or African-American non-hispanic,0.316,0.024,0.045,0.391,,0.244,0.281,0.111,0.079,0.7120000000000001,94000.0,21000.0,42000.0,2100.0,,14000.0,10300.0,3300.0,2300.0,34400.0
2010,Race or ethnicity of respondent,Hispanic or Latino,0.382,0.03,0.027999999999999997,0.42100000000000004,,0.145,0.28800000000000003,0.14800000000000002,0.053,0.725,101700.0,33200.0,44200.0,1800.0,,11900.0,10700.0,2400.0,5500.0,33900.0
2010,Race or ethnicity of respondent,Other or Multiple Race,0.406,0.07,0.039,0.38,0.022000000000000002,0.182,0.27399999999999997,0.147,0.081,0.759,152600.0,58700.0,125200.0,2400.0,6600.0,12200.0,11100.0,3300.0,3300.0,75700.0
2010,Current work status of head,Working for someone else,0.531,0.07400000000000001,0.053,0.45799999999999996,0.024,0.25,0.382,0.12300000000000001,0.077,0.8390000000000001,127700.0,24300.0,101700.0,3300.0,6600.0,16000.0,11500.0,3500.0,4400.0,94000.0
2010,Current work status of head,Self-employed,0.55,0.131,0.124,0.40399999999999997,0.032,0.172,0.26899999999999996,0.11699999999999999,0.07,0.82,160300.0,55300.0,154700.0,4400.0,17300.0,12200.0,11400.0,7000.0,11100.0,130400.0
2010,Current work status of head,Retired,0.26899999999999996,0.047,0.028999999999999998,0.254,0.009000000000000001,0.043,0.158,0.08800000000000001,0.031,0.51,69600.0,21000.0,68500.0,2200.0,3600.0,9900.0,9900.0,2700.0,3300.0,33200.0
2010,Current work status of head,Other not working,0.297,0.042,0.027999999999999997,0.355,,0.27899999999999997,0.214,0.134,0.066,0.7509999999999999,104300.0,48600.0,103900.0,1700.0,,11100.0,8700.0,3500.0,5500.0,23300.0
2010,Current occupation of head,Managerial or professional,0.624,0.11900000000000001,0.098,0.446,0.028999999999999998,0.254,0.355,0.077,0.065,0.8740000000000001,165800.0,33200.0,154700.0,4400.0,11100.0,20300.0,12700.0,5900.0,6600.0,151400.0
2010,Current occupation of head,"Technical, sales, or services",0.42700000000000005,0.054000000000000006,0.040999999999999995,0.446,0.024,0.27399999999999997,0.336,0.145,0.07,0.7959999999999999,117200.0,24300.0,95400.0,2500.0,2200.0,13300.0,10400.0,3300.0,4200.0,62700.0
2010,Current occupation of head,Other occupation,0.525,0.067,0.044000000000000004,0.457,0.021,0.17,0.406,0.163,0.099,0.8270000000000001,99500.0,18800.0,57500.0,2800.0,6100.0,10900.0,11100.0,4200.0,4400.0,70200.0
2010,Current occupation of head,Retired or other not working,0.275,0.046,0.028999999999999998,0.276,0.011000000000000001,0.094,0.17,0.098,0.039,0.562,77400.0,22100.0,79600.0,2000.0,3300.0,10900.0,9400.0,3100.0,4400.0,31100.0
2010,Region,Northeast,0.441,0.10400000000000001,0.055,0.39899999999999997,0.016,0.19,0.264,0.087,0.066,0.748,124600.0,24300.0,131300.0,2600.0,6600.0,15400.0,12000.0,5400.0,6600.0,80700.0
2010,Region,Midwest,0.509,0.069,0.042,0.374,0.023,0.21100000000000002,0.321,0.109,0.054000000000000006,0.764,108300.0,21000.0,94000.0,2800.0,3300.0,14400.0,11000.0,2800.0,4400.0,77900.0
2010,Region,South,0.42200000000000004,0.059000000000000004,0.048,0.382,0.02,0.182,0.316,0.13699999999999998,0.073,0.736,105000.0,22100.0,97300.0,3100.0,8900.0,13300.0,10900.0,3200.0,3800.0,65800.0
2010,Region,West,0.455,0.069,0.073,0.43,0.024,0.18899999999999997,0.29,0.105,0.059000000000000004,0.759,174600.0,53100.0,138200.0,3300.0,6600.0,15000.0,11600.0,7200.0,5500.0,102000.0
2010,Urbanicity,Metropolitan statistical area (MSA),0.462,0.07400000000000001,0.057,0.40299999999999997,0.021,0.204,0.295,0.10800000000000001,0.065,0.758,130400.0,32100.0,115000.0,3100.0,5500.0,14400.0,11200.0,3800.0,5500.0,88600.0
2010,Urbanicity,Non-MSA,0.40399999999999997,0.062,0.037000000000000005,0.35,0.019,0.133,0.337,0.147,0.063,0.7070000000000001,71800.0,17700.0,69100.0,2300.0,16000.0,10900.0,10700.0,3400.0,3300.0,44200.0
2010,Housing status,Owner,0.672,0.107,0.069,0.431,0.02,0.168,0.33799999999999997,0.09699999999999999,0.065,0.8140000000000001,121600.0,29200.0,107200.0,3800.0,11100.0,15500.0,12100.0,4200.0,5700.0,122400.0
2010,Housing status,Renter or other,,,0.022000000000000002,0.318,0.021,0.24100000000000002,0.22699999999999998,0.151,0.064,0.616,,,116500.0,1400.0,1700.0,12700.0,8800.0,3300.0,2900.0,10600.0
2010,Percentile of net worth,Less than 25,0.2,0.016,0.018000000000000002,0.369,0.023,0.33899999999999997,0.265,0.18600000000000003,0.066,0.6920000000000001,150300.0,61900.0,121600.0,2100.0,2100.0,17700.0,9900.0,4200.0,2800.0,22500.0
2010,Percentile of net worth,25–49.9,0.478,0.043,0.02,0.445,0.015,0.19699999999999998,0.35,0.13699999999999998,0.073,0.7879999999999999,100600.0,21000.0,28300.0,2200.0,1400.0,11100.0,9900.0,2700.0,2800.0,61100.0
2010,Percentile of net worth,50–74.9,0.597,0.086,0.046,0.462,0.022000000000000002,0.149,0.365,0.09699999999999999,0.067,0.8029999999999999,110500.0,21800.0,58800.0,3400.0,5500.0,12700.0,12600.0,4100.0,6600.0,95000.0
2010,Percentile of net worth,75–89.9,0.519,0.154,0.09699999999999999,0.361,0.018000000000000002,0.10099999999999999,0.267,0.051,0.054000000000000006,0.722,116100.0,27600.0,101700.0,3800.0,12200.0,13700.0,12800.0,4600.0,11100.0,111300.0
2010,Percentile of net worth,90–100,0.5529999999999999,0.125,0.17800000000000002,0.209,0.03,0.053,0.168,0.019,0.045,0.7040000000000001,233200.0,82900.0,215500.0,5500.0,33200.0,15500.0,17500.0,16300.0,27600.0,257300.0
2013,,All families,0.415,0.05,0.052000000000000005,0.381,0.019,0.2,0.309,0.10099999999999999,0.066,0.745,119600.0,25800.0,92800.0,2400.0,4500.0,16500.0,12300.0,3400.0,4100.0,62300.0
2013,Percentile of income,Less than 20,0.128,,0.006,0.196,0.006999999999999999,0.175,0.096,0.11900000000000001,0.04,0.521,46400.0,,116500.0,1000.0,1200.0,12400.0,5500.0,3100.0,3100.0,11000.0
2013,Percentile of income,20–39.9,0.253,0.017,0.021,0.342,0.016,0.17,0.23399999999999999,0.124,0.052000000000000005,0.665,74200.0,29900.0,43300.0,1400.0,1000.0,15500.0,8100.0,3100.0,2100.0,22000.0
2013,Percentile of income,40–59.9,0.387,0.037000000000000005,0.039,0.469,0.013999999999999999,0.21600000000000003,0.365,0.1,0.054000000000000006,0.81,85600.0,21700.0,56700.0,2200.0,1000.0,17700.0,11000.0,4000.0,3100.0,41100.0
2013,Percentile of income,60–79.9,0.611,0.068,0.055999999999999994,0.498,0.023,0.23,0.426,0.08900000000000001,0.092,0.872,117500.0,18600.0,71700.0,3100.0,4800.0,17500.0,13600.0,2800.0,3300.0,103200.0
2013,Percentile of income,80–89.9,0.691,0.11699999999999999,0.094,0.48200000000000004,0.036000000000000004,0.268,0.483,0.10300000000000001,0.105,0.872,179400.0,28900.0,87100.0,4600.0,13100.0,19300.0,15700.0,5200.0,5500.0,184900.0
2013,Percentile of income,90–100,0.7,0.126,0.18600000000000003,0.322,0.032,0.154,0.37,0.038,0.079,0.845,264000.0,34400.0,175300.0,4100.0,46400.0,27200.0,19100.0,7700.0,15500.0,278400.0
2013,Age of head (years),Less than 35,0.28600000000000003,,0.024,0.368,0.021,0.41700000000000004,0.35200000000000004,0.115,0.057,0.7709999999999999,123700.0,,85600.0,1500.0,1200.0,17700.0,11300.0,3100.0,2100.0,32100.0
2013,Age of head (years),35–44,0.527,0.052000000000000005,0.049,0.41700000000000004,0.026000000000000002,0.287,0.37,0.113,0.077,0.848,144400.0,25800.0,103100.0,2600.0,4100.0,17500.0,12900.0,3300.0,4100.0,99500.0
2013,Age of head (years),45–54,0.5529999999999999,0.057,0.078,0.44299999999999995,0.017,0.18600000000000003,0.365,0.11199999999999999,0.09699999999999999,0.823,123700.0,20600.0,92800.0,2700.0,10300.0,13600.0,12500.0,4400.0,5100.0,103100.0
2013,Age of head (years),55–64,0.45799999999999996,0.08800000000000001,0.078,0.434,0.017,0.12,0.308,0.113,0.077,0.787,110300.0,27800.0,87100.0,3100.0,12400.0,17700.0,12000.0,3200.0,5200.0,65300.0
2013,Age of head (years),65–74,0.389,0.068,0.048,0.32799999999999996,0.021,0.031,0.244,0.065,0.042,0.664,89700.0,30900.0,56700.0,2400.0,15500.0,17500.0,10800.0,4100.0,5800.0,45400.0
2013,Age of head (years),75 or more,0.18600000000000003,0.023,0.027000000000000003,0.21100000000000002,0.006999999999999999,,0.107,0.053,0.02,0.414,60800.0,16500.0,61900.0,2000.0,51600.0,,13800.0,3300.0,2400.0,20600.0
2013,Family structure,Single with child(ren),0.301,0.025,0.025,0.325,0.013999999999999999,0.268,0.258,0.138,0.059000000000000004,0.736,92800.0,8200.0,100500.0,1200.0,4100.0,10600.0,7300.0,2600.0,2600.0,22700.0
2013,Family structure,"Single, no child, age less than 55",0.261,0.015,0.025,0.336,0.02,0.272,0.213,0.10800000000000001,0.052000000000000005,0.7,103100.0,17500.0,65099.99999999999,2200.0,1000.0,18600.0,10300.0,5200.0,2600.0,30900.0
2013,Family structure,"Single, no child, age 55 or more ",0.257,0.023,0.027000000000000003,0.3,0.012,0.03,0.13,0.078,0.042,0.5379999999999999,67000.0,16000.0,87100.0,2100.0,900.0,20600.0,8800.0,3600.0,4600.0,25800.0
2013,Family structure,Couple with child(ren),0.6,0.071,0.07200000000000001,0.466,0.022000000000000002,0.285,0.441,0.10400000000000001,0.099,0.8759999999999999,144400.0,25800.0,103100.0,2800.0,3900.0,18600.0,14400.0,4100.0,4100.0,124800.0
2013,Family structure,"Couple, no child ",0.435,0.07200000000000001,0.07400000000000001,0.385,0.021,0.141,0.34600000000000003,0.09,0.054000000000000006,0.753,115900.0,28900.0,82500.0,2600.0,20600.0,17500.0,13100.0,2700.0,5200.0,64800.0
2013,Education of head,No high school diploma,0.213,,0.022000000000000002,0.27399999999999997,,0.048,0.231,0.098,0.037000000000000005,0.537,65000.0,,34200.0,1300.0,,8800.0,9000.0,4800.0,2400.0,17900.0
2013,Education of head,High school diploma,0.364,0.040999999999999995,0.034,0.363,0.015,0.126,0.295,0.127,0.07,0.7020000000000001,92800.0,23700.0,61900.0,1800.0,2500.0,10300.0,11300.0,2600.0,2800.0,36200.0
2013,Education of head,Some college,0.406,0.045,0.046,0.45299999999999996,0.023,0.26899999999999996,0.341,0.115,0.08199999999999999,0.8079999999999999,111400.0,25800.0,52700.0,2300.0,1000.0,13800.0,11800.0,3500.0,4600.0,49500.0
2013,Education of head,College degree,0.541,0.075,0.086,0.37799999999999995,0.023,0.271,0.326,0.064,0.06,0.809,165000.0,28900.0,154700.0,3600.0,20600.0,23700.0,14400.0,5200.0,5200.0,135100.0
2013,Race or ethnicity of respondent,White non-Hispanic,0.466,0.065,0.061,0.385,0.02,0.184,0.321,0.09699999999999999,0.065,0.753,121700.0,25800.0,102100.0,2800.0,8800.0,18600.0,12500.0,3700.0,5200.0,84800.0
2013,Race or ethnicity of respondent,Black or African-American non-hispanic,0.317,,0.034,0.373,0.016,0.316,0.29,0.11699999999999999,0.081,0.759,92800.0,,53600.0,1500.0,800.0,15500.0,11200.0,2100.0,1300.0,27000.0
2013,Race or ethnicity of respondent,Hispanic or Latino,0.28600000000000003,,0.026000000000000002,0.415,,0.14300000000000002,0.285,0.08900000000000001,0.055,0.705,128900.0,,85600.0,1600.0,,12400.0,11700.0,3100.0,5200.0,25800.0
2013,Race or ethnicity of respondent,Other or Multiple Race,0.327,0.025,0.046,0.336,0.021,0.20800000000000002,0.281,0.11599999999999999,0.062,0.7140000000000001,159800.0,63900.0,94900.0,2100.0,3900.0,16500.0,12100.0,5200.0,4100.0,44300.0
2013,Current work status of head,Working for someone else,0.483,0.053,0.055,0.439,0.023,0.268,0.389,0.10800000000000001,0.084,0.828,124800.0,20300.0,95700.0,2600.0,3800.0,18000.0,12400.0,3600.0,4100.0,79300.0
2013,Current work status of head,Self-employed,0.518,0.08800000000000001,0.109,0.426,0.027999999999999997,0.175,0.306,0.078,0.055,0.8220000000000001,155500.0,41200.0,123200.0,3100.0,20600.0,14400.0,15900.0,6400.0,10300.0,109500.0
2013,Current work status of head,Retired,0.271,0.039,0.033,0.27899999999999997,0.011000000000000001,0.046,0.18,0.086,0.034,0.5539999999999999,78800.0,30900.0,48400.0,1700.0,3900.0,15500.0,10400.0,3100.0,4300.0,28000.0
2013,Current work status of head,Other not working,0.266,,0.027000000000000003,0.23800000000000002,,0.293,0.15,0.131,0.06,0.7040000000000001,133000.0,,103100.0,1500.0,,12700.0,10100.0,3100.0,2100.0,25800.0
2013,Current occupation of head,Managerial or professional,0.574,0.08199999999999999,0.094,0.42100000000000004,0.026000000000000002,0.28300000000000003,0.39299999999999996,0.086,0.068,0.861,165000.0,25800.0,127700.0,3600.0,10600.0,20600.0,13800.0,4300.0,6100.0,136900.0
2013,Current occupation of head,"Technical, sales, or services",0.396,0.043,0.04,0.451,0.019,0.264,0.331,0.11199999999999999,0.081,0.7909999999999999,107200.0,20600.0,67000.0,2100.0,800.0,17700.0,12000.0,3200.0,4100.0,51600.0
2013,Current occupation of head,Other occupation,0.45399999999999996,0.036000000000000004,0.038,0.447,0.024,0.19699999999999998,0.405,0.122,0.096,0.8140000000000001,100000.0,17500.0,52600.0,2100.0,3100.0,11300.0,11600.0,3500.0,3100.0,54400.0
2013,Current occupation of head,Retired or other not working,0.27,0.033,0.032,0.271,0.01,0.09300000000000001,0.174,0.095,0.039,0.583,88700.0,30900.0,50800.0,1600.0,3900.0,12800.0,10200.0,3100.0,3600.0,27500.0
2013,Region,Northeast,0.41100000000000003,0.081,0.054000000000000006,0.379,0.019,0.218,0.28600000000000003,0.076,0.076,0.722,152600.0,24700.0,102100.0,2600.0,9500.0,17400.0,12500.0,5200.0,4300.0,87600.0
2013,Region,Midwest,0.439,0.055,0.05,0.40299999999999997,0.019,0.237,0.313,0.124,0.069,0.769,101000.0,20300.0,74200.0,2500.0,3100.0,18600.0,11100.0,3400.0,4100.0,56000.0
2013,Region,South,0.40399999999999997,0.04,0.046,0.359,0.015,0.17800000000000002,0.34600000000000003,0.106,0.059000000000000004,0.742,100000.0,25800.0,75300.0,2100.0,4900.0,15600.0,12200.0,3100.0,3600.0,52900.0
2013,Region,West,0.413,0.035,0.065,0.4,0.024,0.18600000000000003,0.264,0.08800000000000001,0.067,0.747,175300.0,46400.0,176300.0,2600.0,6300.0,15500.0,13200.0,3600.0,5200.0,89400.0
2013,Urbanicity,Metropolitan statistical area (MSA),0.423,0.049,0.053,0.385,0.02,0.20600000000000002,0.303,0.09300000000000001,0.064,0.748,127400.0,26800.0,95900.0,2300.0,5700.0,17500.0,12500.0,3600.0,4800.0,71000.0
2013,Urbanicity,Non-MSA,0.359,0.051,0.046,0.359,,0.161,0.354,0.152,0.079,0.728,67000.0,12500.0,52600.0,3100.0,,15000.0,10200.0,2600.0,2100.0,30900.0
2013,Housing status,Owner,0.637,0.076,0.066,0.42,0.017,0.162,0.35100000000000003,0.091,0.065,0.804,119600.0,25800.0,85600.0,2900.0,12400.0,17800.0,13400.0,4100.0,5200.0,117500.0
2013,Housing status,Renter or other,,,0.027999999999999997,0.309,0.023,0.272,0.231,0.11900000000000001,0.069,0.637,,,116500.0,1500.0,1100.0,15500.0,9100.0,2400.0,2600.0,11000.0
2013,Percentile of net worth,Less than 25,0.16899999999999998,,0.015,0.33399999999999996,0.021,0.36200000000000004,0.243,0.166,0.063,0.6990000000000001,124800.0,,77300.0,2100.0,900.0,20600.0,9900.0,3100.0,2600.0,23000.0
2013,Percentile of net worth,25–49.9,0.405,0.018000000000000002,0.019,0.44299999999999995,0.018000000000000002,0.196,0.374,0.11699999999999999,0.07400000000000001,0.773,101000.0,25800.0,27800.0,1500.0,3800.0,12400.0,10400.0,3300.0,2100.0,34000.0
2013,Percentile of net worth,50–74.9,0.5579999999999999,0.066,0.057999999999999996,0.455,0.018000000000000002,0.146,0.33799999999999997,0.08199999999999999,0.071,0.789,103100.0,20600.0,61900.0,3000.0,8800.0,13600.0,13100.0,3500.0,4100.0,85600.0
2013,Percentile of net worth,75–89.9,0.521,0.094,0.091,0.35100000000000003,0.013000000000000001,0.12300000000000001,0.314,0.043,0.057999999999999996,0.725,142300.0,25800.0,82500.0,2600.0,27900.0,16000.0,16400.0,4100.0,10300.0,125100.0
2013,Percentile of net worth,90–100,0.536,0.129,0.159,0.209,0.026000000000000002,0.057,0.23600000000000002,0.027999999999999997,0.055,0.715,226800.0,34000.0,202100.0,4100.0,30900.0,18800.0,16000.0,6200.0,17500.0,216500.0
2016,,All families,0.4,0.044000000000000004,0.055999999999999994,0.439,0.018000000000000002,0.22399999999999998,0.33799999999999997,0.11199999999999999,0.054000000000000006,0.7709999999999999,114000.0,31000.0,100000.0,2300.0,3000.0,19000.0,12800.0,3400.0,5000.0,59800.0
2016,Percentile of income,Less than 20,0.132,0.013000000000000001,0.006999999999999999,0.29,0.012,0.179,0.135,0.11599999999999999,0.025,0.579,52000.0,15000.0,36000.0,800.0,500.0,15000.0,7900.0,2100.0,2600.0,10200.0
2016,Percentile of income,20–39.9,0.247,0.02,0.016,0.41700000000000004,0.013999999999999999,0.201,0.268,0.11900000000000001,0.033,0.7040000000000001,65000.0,27500.0,50000.0,1800.0,1700.0,17200.0,9900.0,2400.0,2000.0,23500.0
2016,Percentile of income,40–59.9,0.392,0.035,0.025,0.53,0.021,0.255,0.382,0.15,0.053,0.843,88400.0,22000.0,65000.0,2000.0,1900.0,18500.0,11700.0,3800.0,3000.0,42400.0
2016,Percentile of income,60–79.9,0.568,0.057,0.07,0.528,0.024,0.258,0.46799999999999997,0.111,0.07,0.882,117000.0,28000.0,50800.0,3100.0,6200.0,20000.0,15500.0,4000.0,5000.0,102900.0
2016,Percentile of income,80–89.9,0.685,0.086,0.122,0.515,0.017,0.287,0.49700000000000005,0.075,0.084,0.89,160000.0,40000.0,103000.0,4800.0,4500.0,21000.0,16800.0,6000.0,9000.0,172200.0
2016,Percentile of income,90–100,0.636,0.105,0.19899999999999998,0.344,0.023,0.165,0.381,0.049,0.09,0.8059999999999999,270000.0,50000.0,199000.0,6000.0,50000.0,33700.0,19000.0,16000.0,24000.0,299300.0
2016,Age of head (years),Less than 35,0.281,,0.023,0.45399999999999996,0.019,0.44799999999999995,0.387,0.155,0.04,0.81,119600.0,,37000.0,1400.0,600.0,18500.0,12700.0,2400.0,2000.0,39300.0
2016,Age of head (years),35–44,0.496,0.028999999999999998,0.067,0.491,0.026000000000000002,0.344,0.44299999999999995,0.146,0.059000000000000004,0.862,140000.0,25000.0,127500.0,2500.0,5000.0,20000.0,14100.0,3700.0,4000.0,93700.0
2016,Age of head (years),45–54,0.521,0.054000000000000006,0.064,0.523,0.022000000000000002,0.23800000000000002,0.37799999999999995,0.113,0.08199999999999999,0.866,125000.0,41000.0,85000.0,2800.0,5000.0,20000.0,13900.0,4000.0,7000.0,89900.0
2016,Age of head (years),55–64,0.45799999999999996,0.075,0.08800000000000001,0.414,0.019,0.129,0.324,0.08800000000000001,0.07,0.7709999999999999,100000.0,21400.0,110000.0,2800.0,3500.0,18000.0,11600.0,4000.0,8000.0,69000.0
2016,Age of head (years),65–74,0.35200000000000004,0.065,0.057999999999999996,0.42100000000000004,0.011000000000000001,0.036000000000000004,0.272,0.07200000000000001,0.037000000000000005,0.701,80000.0,40000.0,96000.0,2500.0,1200.0,15000.0,12200.0,4700.0,5000.0,42000.0
2016,Age of head (years),75 or more,0.23199999999999998,0.048,0.027000000000000003,0.262,,,0.13699999999999998,0.068,0.015,0.498,57000.0,28000.0,100000.0,2100.0,,,10100.0,4400.0,9000.0,20600.0
2016,Family structure,Single with child(ren),0.316,0.023,0.024,0.435,0.022000000000000002,0.305,0.308,0.135,0.057999999999999996,0.8009999999999999,104400.0,24100.0,75200.0,1300.0,500.0,17000.0,10000.0,2500.0,2500.0,27700.0
2016,Family structure,"Single, no child, age less than 55",0.21100000000000002,0.013999999999999999,0.021,0.413,0.015,0.32799999999999996,0.242,0.121,0.033,0.736,95000.0,27500.0,44000.0,1700.0,1900.0,22000.0,11500.0,3200.0,2000.0,29300.0
2016,Family structure,"Single, no child, age 55 or more ",0.259,0.040999999999999995,0.035,0.368,,0.039,0.154,0.08199999999999999,0.027000000000000003,0.588,68000.0,21000.0,83000.0,2000.0,,9000.0,9200.0,3700.0,3500.0,21200.0
2016,Family structure,Couple with child(ren),0.5770000000000001,0.051,0.07400000000000001,0.51,0.02,0.314,0.478,0.138,0.077,0.888,140000.0,30000.0,110000.0,2800.0,6200.0,20000.0,14700.0,3400.0,6800.0,110500.0
2016,Family structure,"Couple, no child ",0.436,0.064,0.08199999999999999,0.424,0.022000000000000002,0.155,0.369,0.087,0.054000000000000006,0.767,105000.0,39500.0,102000.0,2800.0,3500.0,18000.0,13800.0,4000.0,9000.0,70300.0
2016,Education of head,No high school diploma,0.24,0.024,0.027000000000000003,0.35200000000000004,,0.06,0.25,0.125,0.026000000000000002,0.626,69000.0,16000.0,75000.0,1300.0,,10000.0,10700.0,2200.0,3000.0,15900.0
2016,Education of head,High school diploma,0.35100000000000003,0.027999999999999997,0.028999999999999998,0.44299999999999995,0.017,0.152,0.311,0.12,0.055,0.715,89000.0,24100.0,64000.0,2000.0,2500.0,12000.0,12500.0,3000.0,3500.0,35900.0
2016,Education of head,Some college,0.375,0.037000000000000005,0.047,0.508,0.021,0.29,0.386,0.133,0.052000000000000005,0.818,99000.0,26000.0,65000.0,2000.0,600.0,15000.0,12600.0,3000.0,4500.0,43700.0
2016,Education of head,College degree,0.517,0.069,0.095,0.413,0.021,0.28600000000000003,0.355,0.083,0.064,0.83,158000.0,40000.0,134000.0,3700.0,10000.0,30000.0,14100.0,6000.0,10000.0,122000.0
2016,Race or ethnicity of respondent,White non-Hispanic,0.439,0.059000000000000004,0.065,0.42100000000000004,0.018000000000000002,0.203,0.344,0.10800000000000001,0.051,0.775,119000.0,32000.0,116000.0,2700.0,3000.0,19100.0,12700.0,4000.0,7500.0,74100.0
2016,Race or ethnicity of respondent,Black or African-American non-hispanic,0.315,,0.027000000000000003,0.478,0.025,0.307,0.33,0.11599999999999999,0.059000000000000004,0.7709999999999999,79000.0,,19200.0,1400.0,900.0,20000.0,13500.0,2900.0,2500.0,31100.0
2016,Race or ethnicity of respondent,Hispanic or Latino,0.302,0.02,0.033,0.496,,0.193,0.317,0.10800000000000001,0.047,0.74,107000.0,25000.0,55800.0,1700.0,,17500.0,12000.0,2600.0,2000.0,30000.0
2016,Race or ethnicity of respondent,Other or Multiple Race,0.37200000000000005,0.024,0.062,0.441,0.019,0.263,0.33899999999999997,0.129,0.071,0.779,145000.0,60000.0,78500.0,2300.0,1200.0,19000.0,12200.0,3000.0,7000.0,56700.0
2016,Current work status of head,Working for someone else,0.469,0.04,0.057999999999999996,0.504,0.021,0.307,0.426,0.125,0.071,0.861,123000.0,28000.0,99000.0,2400.0,4000.0,20000.0,13000.0,3000.0,5000.0,72300.0
2016,Current work status of head,Self-employed,0.479,0.069,0.115,0.461,0.026000000000000002,0.192,0.325,0.10400000000000001,0.044000000000000004,0.8079999999999999,130000.0,44000.0,110000.0,3200.0,6000.0,18000.0,15500.0,3700.0,9000.0,92700.0
2016,Current work status of head,Retired,0.264,0.046,0.034,0.327,0.006999999999999999,0.054000000000000006,0.19399999999999998,0.085,0.027999999999999997,0.6,77000.0,39000.0,59300.0,1800.0,1800.0,12000.0,11100.0,4000.0,6000.0,23800.0
2016,Current work status of head,Other not working,0.21899999999999997,,0.033,0.289,0.031,0.298,0.191,0.12,,0.6409999999999999,95000.0,,119000.0,2000.0,800.0,16000.0,11800.0,4600.0,,30000.0
2016,Current occupation of head,Managerial or professional,0.5660000000000001,0.068,0.098,0.48700000000000004,0.021,0.322,0.42100000000000004,0.094,0.067,0.882,155600.0,35000.0,134000.0,3200.0,6200.0,24000.0,14000.0,4000.0,10000.0,125000.0
2016,Current occupation of head,"Technical, sales, or services",0.37799999999999995,0.026000000000000002,0.048,0.529,0.024,0.305,0.391,0.139,0.064,0.8440000000000001,108100.0,41000.0,90000.0,1900.0,3500.0,18500.0,12600.0,2600.0,2700.0,44600.0
2016,Current occupation of head,Other occupation,0.429,0.031,0.039,0.475,0.02,0.213,0.41600000000000004,0.146,0.068,0.816,90000.0,17000.0,45000.0,2000.0,2900.0,15000.0,12600.0,3000.0,4000.0,50000.0
2016,Current occupation of head,Retired or other not working,0.257,0.042,0.034,0.321,0.011000000000000001,0.092,0.193,0.091,0.027999999999999997,0.606,78000.0,39000.0,69700.0,1800.0,1200.0,15000.0,11100.0,4000.0,6000.0,25000.0
2016,Region,Northeast,0.40700000000000003,0.073,0.055,0.43700000000000006,0.013000000000000001,0.19899999999999998,0.26,0.08900000000000001,0.053,0.754,136000.0,40000.0,112000.0,2500.0,6000.0,24000.0,13500.0,5000.0,5800.0,75200.0
2016,Region,Midwest,0.41700000000000004,0.045,0.05,0.436,0.017,0.252,0.344,0.10400000000000001,0.051,0.773,85000.0,20000.0,69700.0,2000.0,2900.0,17000.0,10900.0,3400.0,5000.0,50100.0
2016,Region,South,0.386,0.033,0.047,0.439,0.018000000000000002,0.226,0.387,0.128,0.052000000000000005,0.774,101000.0,41000.0,84000.0,2000.0,1500.0,17200.0,14000.0,2900.0,4000.0,55000.0
2016,Region,West,0.402,0.039,0.076,0.44299999999999995,0.023,0.21100000000000002,0.312,0.11,0.059000000000000004,0.778,170000.0,27200.0,150000.0,2500.0,4000.0,20100.0,12400.0,3700.0,9000.0,80000.0
2016,Urbanicity,Metropolitan statistical area (MSA),0.40700000000000003,0.044000000000000004,0.059000000000000004,0.441,0.018000000000000002,0.23199999999999998,0.335,0.10800000000000001,0.053,0.779,122000.0,38000.0,101000.0,2300.0,3000.0,20000.0,13000.0,3800.0,5000.0,64200.0
2016,Urbanicity,Non-MSA,0.353,0.049,0.037000000000000005,0.425,0.017,0.16699999999999998,0.36,0.13699999999999998,0.059000000000000004,0.718,60000.0,18600.0,34400.0,2200.0,2300.0,15600.0,11500.0,2300.0,5000.0,35000.0
2016,Housing status,Owner,0.628,0.069,0.07,0.46399999999999997,0.012,0.182,0.37799999999999995,0.10099999999999999,0.057,0.825,114000.0,31000.0,102000.0,3000.0,8500.0,20000.0,14000.0,4000.0,7000.0,107000.0
2016,Housing status,Renter or other,,,0.031,0.395,0.03,0.297,0.268,0.13,0.047,0.677,,,80000.0,1300.0,1200.0,18000.0,11000.0,2300.0,3000.0,13300.0
2016,Percentile of net worth,Less than 25,0.105,,0.009000000000000001,0.4,0.026000000000000002,0.396,0.27699999999999997,0.171,0.038,0.711,107000.0,,10000.0,1500.0,800.0,25000.0,12300.0,3100.0,2000.0,20900.0
2016,Percentile of net worth,25–49.9,0.41600000000000004,0.02,0.021,0.521,0.013000000000000001,0.223,0.384,0.131,0.053,0.804,82900.0,17000.0,39000.0,2000.0,1900.0,16000.0,11300.0,2500.0,2500.0,41500.0
2016,Percentile of net worth,50–74.9,0.575,0.057999999999999996,0.048,0.531,0.015,0.18600000000000003,0.38799999999999996,0.10099999999999999,0.068,0.843,108000.0,31000.0,64000.0,3000.0,2500.0,15000.0,12700.0,3900.0,7000.0,83400.0
2016,Percentile of net worth,75–89.9,0.502,0.084,0.113,0.375,0.018000000000000002,0.107,0.337,0.05,0.05,0.747,149000.0,30000.0,100000.0,3000.0,12500.0,15000.0,14000.0,4500.0,10000.0,113000.0
2016,Percentile of net worth,90–100,0.507,0.11,0.195,0.198,0.021,0.065,0.256,0.033,0.061,0.695,238000.0,50000.0,175000.0,4300.0,75000.0,26600.0,18500.0,35000.0,40000.0,222200.0
