month,date,Line,Number,Number_Adjusted, Volume , Volume Adjusted ,Number_Yoy,Volume_YoY 
60,2005-01,AUT,1594188,1820253.061," $29,603,958,888 "," $34,150,738,535 ",,
60,2005-01,CRC,5710176,6535731.811," $32,380,299,600 "," $37,027,553,722 ",,
60,2005-01,MTG,1017936,1281158.334," $196,761,502,824 "," $238,627,044,783 ",,
60,2005-01,STU,1082952,1331294.422," $7,449,143,496 "," $10,436,006,479 ",,
61,2005-02,AUT,1695936,1829967.671," $31,239,051,912 "," $34,185,186,713 ",,
61,2005-02,CRC,5624820,6624292.692," $32,214,442,548 "," $37,288,658,251 ",,
61,2005-02,MTG,1095816,1280893.633," $215,667,486,132 "," $248,193,268,178 ",,
61,2005-02,STU,915840,1372911.38," $6,330,406,680 "," $10,906,331,471 ",,
62,2005-03,AUT,2002740,1819837.161," $37,392,213,744 "," $34,148,989,779 ",,
62,2005-03,CRC,6635412,6633396.752," $38,639,133,120 "," $37,883,639,372 ",,
62,2005-03,MTG,1416168,1282213.86," $280,554,378,192 "," $253,514,350,079 ",,
62,2005-03,STU,819960,1357096.845," $6,825,925,392 "," $11,476,221,370 ",,
63,2005-04,AUT,1878180,1798970.748," $34,702,728,756 "," $33,593,090,262 ",,
63,2005-04,CRC,6116664,6395411.648," $36,958,642,080 "," $37,396,448,704 ",,
63,2005-04,MTG,1263120,1223547.903," $245,770,203,528 "," $243,277,319,357 ",,
63,2005-04,STU,740772,1385054.986," $6,440,963,640 "," $11,767,101,974 ",,
64,2005-05,AUT,1925700,1796487.239," $36,109,250,724 "," $33,801,179,021 ",,
64,2005-05,CRC,6251496,6356050.167," $37,187,500,744 "," $37,704,156,077 ",,
64,2005-05,MTG,1348308,1235723.588," $269,408,141,208 "," $252,902,818,745 ",,
64,2005-05,STU,960204,1379140.216," $7,859,544,784 "," $11,881,674,796 ",,
65,2005-06,AUT,2043600,1899373.893," $38,981,303,220 "," $36,635,616,701 ",,
65,2005-06,CRC,6659760,6552886.354," $38,045,363,008 "," $37,686,326,604 ",,
65,2005-06,MTG,1496796,1318309.278," $305,152,263,588 "," $271,526,023,215 ",,
65,2005-06,STU,1182120,1507949.834," $12,166,102,992 "," $14,253,171,804 ",,
66,2005-07,AUT,2132820,1975790.212," $41,618,997,400 "," $38,269,462,116 ",,
66,2005-07,CRC,6381828,6305942.364," $37,296,224,264 "," $36,659,536,142 ",,
66,2005-07,MTG,1470672,1471047.641," $305,682,507,036 "," $318,457,231,361 ",,
66,2005-07,STU,1179624,1488318.153," $14,712,799,848 "," $14,675,148,238 ",,
67,2005-08,AUT,2057224,1857848.669," $38,321,005,264 "," $34,377,327,778 ",,
67,2005-08,CRC,7518264,6861315.091," $45,020,342,472 "," $40,531,685,712 ",,
67,2005-08,MTG,1623636,1488666.94," $331,522,211,520 "," $310,072,601,516 ",,
67,2005-08,STU,3677880,1454253.563," $31,354,665,828 "," $11,588,970,879 ",,
68,2005-09,AUT,1719348,1792443.847," $31,766,543,364 "," $32,930,701,003 ",,
68,2005-09,CRC,7270428,7022255.952," $45,755,010,732 "," $44,701,126,045 ",,
68,2005-09,MTG,1432776,1468923.71," $294,623,540,424 "," $301,349,593,479 ",,
68,2005-09,STU,3200124,1530866.004," $23,450,482,176 "," $12,176,278,825 ",,
69,2005-10,AUT,1580084,1704914.983," $29,226,347,436 "," $31,362,364,696 ",,
69,2005-10,CRC,6917112,6827133.867," $38,522,680,960 "," $37,268,900,866 ",,
69,2005-10,MTG,1332420,1378904.825," $275,135,069,556 "," $284,143,914,105 ",,
69,2005-10,STU,1812348,1604114.68," $15,126,007,708 "," $14,617,084,772 ",,
70,2005-11,AUT,1550980,1778727.894," $28,770,087,232 "," $32,997,639,199 ",,
70,2005-11,CRC,7565700,6821990.925," $39,731,857,836 "," $37,714,000,817 ",,
70,2005-11,MTG,1224900,1289618.15," $254,750,693,304 "," $264,414,682,054 ",,
70,2005-11,STU,1254384,1573527.642," $11,850,822,540 "," $14,986,106,612 ",,
71,2005-12,AUT,1654312,1787169.992," $31,479,450,320 "," $33,184,300,446 ",,
71,2005-12,CRC,6728052,6446201.112," $34,163,555,160 "," $33,993,055,393 ",,
71,2005-12,MTG,1175568,1195978.833," $242,707,629,624 "," $234,058,926,420 ",,
71,2005-12,STU,902640,1549077.541," $9,132,819,876 "," $14,994,225,515 ",,
72,2006-01,AUT,1614132,1842070.892," $29,874,527,172 "," $34,515,095,987 ",0.012510444,0.009139598
72,2006-01,CRC,6014184,6805452.627," $32,633,397,704 "," $36,836,398,936 ",0.05323969,0.007816423
72,2006-01,MTG,946500,1149122.917," $194,641,074,240 "," $226,194,698,126 ",-0.0701773,-0.010776644
72,2006-01,STU,1257996,1462226.971," $9,402,187,248 "," $12,452,426,249 ",0.161635973,0.262183666
73,2006-02,AUT,1659600,1790350.329," $30,479,797,680 "," $33,376,363,375 ",-0.021425337,-0.02430465
73,2006-02,CRC,6619776,7820691.113," $38,256,023,872 "," $44,403,797,871 ",0.176886727,0.187542631
73,2006-02,MTG,969804,1131722.657," $198,581,615,196 "," $228,057,706,016 ",-0.114993758,-0.079223212
73,2006-02,STU,1009872,1500324.805," $8,017,160,872 "," $13,600,698,272 ",0.102672956,0.266452738
74,2006-03,AUT,1999176,1808309.839," $37,158,735,144 "," $33,703,022,526 ",-0.001779562,-0.006244043
74,2006-03,CRC,6963900,6975971.946," $36,806,339,056 "," $36,110,842,189 ",0.049505291,-0.047433623
74,2006-03,MTG,1248036,1130726.534," $260,847,131,280 "," $236,420,426,412 ",-0.118723202,-0.070243947
74,2006-03,STU,929520,1518532.914," $8,473,513,744 "," $14,276,963,440 ",0.133616274,0.241372159
75,2006-04,AUT,1866060,1829811.413," $34,612,173,096 "," $34,327,789,603 ",-0.006453056,-0.002609468
75,2006-04,CRC,6445944,6804334.561," $35,169,471,400 "," $36,073,835,033 ",0.053833266,-0.048410076
75,2006-04,MTG,1112772,1112532.596," $233,698,999,776 "," $239,652,474,939 ",-0.119029071,-0.049115815
75,2006-04,STU,779904,1507239.427," $8,062,519,364 "," $15,337,133,709 ",0.052825971,0.251756696
76,2006-05,AUT,1981158,1819728.233," $37,144,457,106 "," $34,267,584,317 ",0.028798878,0.028668731
76,2006-05,CRC,6855348,6865394.609," $37,105,355,900 "," $36,960,477,639 ",0.096593199,-0.002208937
76,2006-05,MTG,1265868,1120746.505," $261,847,965,612 "," $236,097,578,760 ",-0.0611433,-0.028062165
76,2006-05,STU,1218984,1692525.765," $12,605,281,536 "," $18,503,557,380 ",0.26950523,0.603818272
77,2006-06,AUT,1997424,1842119.2," $38,145,229,488 "," $35,523,413,611 ",-0.02259542,-0.02144807
77,2006-06,CRC,7019592,6911460.127," $37,387,798,188 "," $36,965,228,846 ",0.054030776,-0.017283705
77,2006-06,MTG,1285860,1133188.463," $269,956,255,404 "," $241,004,603,476 ",-0.140925016,-0.115339168
77,2006-06,STU,1468416,1916549.773," $16,681,941,012 "," $19,814,614,979 ",0.24218861,0.371181965
78,2006-07,AUT,2075236,1916870.329," $40,190,107,244 "," $36,904,898,012 ",-0.026998997,-0.034332642
78,2006-07,CRC,7108008,7021021.118," $38,322,866,032 "," $37,655,024,015 ",0.113788714,0.027526694
78,2006-07,MTG,1115424,1121286.564," $233,856,736,896 "," $244,873,782,074 ",-0.241554881,-0.234968533
78,2006-07,STU,1469148,1887131.187," $17,716,052,388 "," $18,160,738,444 ",0.245437529,0.204125154
79,2006-08,AUT,2085164,1892110.751," $39,836,088,768 "," $36,089,519,446 ",0.013581409,0.039536633
79,2006-08,CRC,7806804,7136744.34," $43,088,556,436 "," $38,880,391,035 ",0.038378541,-0.042909181
79,2006-08,MTG,1262040,1167736.652," $264,680,261,976 "," $249,403,761,099 ",-0.222707553,-0.201621331
79,2006-08,STU,4090488,1610397.418," $32,830,937,760 "," $12,060,256,083 ",0.112186368,0.047083006
80,2006-09,AUT,1811532,1896998.705," $34,794,555,432 "," $36,067,224,566 ",0.053615673,0.095320792
80,2006-09,CRC,7958712,7797353.075," $44,737,398,876 "," $44,470,429,865 ",0.09466898,-0.022240446
80,2006-09,MTG,1123452,1196228.246," $237,322,395,876 "," $253,447,936,423 ",-0.215891388,-0.194489362
80,2006-09,STU,3086544,1538090.401," $22,781,341,884 "," $12,181,202,143 ",-0.035492375,-0.028534181
81,2006-10,AUT,1733868,1863202.84," $32,903,951,708 "," $35,178,875,479 ",0.097326471,0.125831813
81,2006-10,CRC,7206492,7023955.092," $40,515,217,808 "," $38,624,019,302 ",0.041835379,0.051723733
81,2006-10,MTG,1178988,1173376.086," $253,335,626,448 "," $250,978,098,097 ",-0.11515288,-0.079231787
81,2006-10,STU,1774128,1510444.918," $13,795,786,272 "," $12,770,631,002 ",-0.021088665,-0.087942665
82,2006-11,AUT,1655424,1864784.28," $31,179,742,884 "," $35,083,644,866 ",0.067340649,0.083755591
82,2006-11,CRC,7707756,6923231.44," $40,331,844,008 "," $38,128,898,775 ",0.018776319,0.015100884
82,2006-11,MTG,1104180,1150338.734," $240,218,610,612 "," $246,063,445,215 ",-0.098554984,-0.05704433
82,2006-11,STU,1214064,1542663.974," $10,694,034,048 "," $13,716,356,793 ",-0.032143267,-0.097612506
83,2006-12,AUT,1688940,1863611.578," $32,611,077,480 "," $35,031,471,223 ",0.020931964,0.035948123
83,2006-12,CRC,7639392,7398814.209," $39,407,898,568 "," $39,835,983,212 ",0.135453769,0.153506957
83,2006-12,MTG,1118628,1167207.907," $255,472,276,512 "," $253,815,607,747 ",-0.04843616,0.052592689
83,2006-12,STU,867240,1564797.504," $7,621,736,400 "," $13,068,973,661 ",-0.039218293,-0.165456398
84,2007-01,AUT,1641468,1836649.562," $30,624,119,856 "," $34,653,524,299 ",0.016935418,0.025091366
84,2007-01,CRC,6805104,7611125.919," $36,116,788,376 "," $40,217,125,081 ",0.131509112,0.10674312
84,2007-01,MTG,990204,1151864.1," $223,663,325,064 "," $247,207,733,578 ",0.046174326,0.149106508
84,2007-01,STU,1417392,1540174.145," $9,974,908,452 "," $12,374,139,875 ",0.126706285,0.060913614
85,2007-02,AUT,1740192,1869238.369," $33,156,409,860 "," $36,022,145,633 ",0.048561099,0.087815943
85,2007-02,CRC,6923124,8219786.355," $38,185,498,040 "," $44,475,171,624 ",0.045824511,-0.001843522
85,2007-02,MTG,914340,1069877.424," $202,854,502,092 "," $233,585,228,234 ",-0.057190938,0.021517032
85,2007-02,STU,1005264,1459703.809," $7,053,811,032 "," $11,724,411,765 ",-0.004562955,-0.120160972
86,2007-03,AUT,2061216,1859474.664," $39,152,875,848 "," $35,406,410,114 ",0.031032786,0.053665462
86,2007-03,CRC,7331124,7459275.115," $40,866,084,376 "," $40,735,508,293 ",0.052732521,0.110300166
86,2007-03,MTG,1069860,1007876.046," $238,424,124,480 "," $226,095,606,503 ",-0.142765113,-0.085962252
86,2007-03,STU,926328,1537000.635," $7,332,761,760 "," $12,821,771,968 ",-0.00343403,-0.134625613
87,2007-04,AUT,1894272,1844385.905," $35,844,762,840 "," $35,368,701,749 ",0.015118485,0.035611452
87,2007-04,CRC,7266932,7553979.301," $40,340,186,852 "," $40,700,482,749 ",0.127365053,0.147022837
87,2007-04,MTG,1016976,982238.9866," $221,947,664,688 "," $219,863,613,290 ",-0.086087716,-0.050284062
87,2007-04,STU,851520,1557285.069," $6,851,396,952 "," $12,699,727,507 ",0.091826686,-0.150216372
88,2007-05,AUT,2083080,1922885.566," $39,536,919,684 "," $36,752,336,542 ",0.05144567,0.06440968
88,2007-05,CRC,7402200,7378265.522," $38,581,890,664 "," $38,228,950,843 ",0.07977013,0.039793036
88,2007-05,MTG,1071204,953997.6134," $233,401,148,556 "," $210,870,937,269 ",-0.153779067,-0.108638679
88,2007-05,STU,1098000,1529517.103," $7,500,035,472 "," $11,079,830,426 ",-0.099249867,-0.405008492
89,2007-06,AUT,1969800,1832190.235," $37,393,433,544 "," $34,949,471,095 ",-0.013829813,-0.01970878
89,2007-06,CRC,7362996,7346849.126," $38,476,252,096 "," $38,507,054,167 ",0.048920792,0.029112544
89,2007-06,MTG,997428,914053.9656," $216,599,853,816 "," $202,282,623,094 ",-0.224310578,-0.197648325
89,2007-06,STU,1051560,1485676.2," $8,934,074,136 "," $11,353,675,556 ",-0.283881407,-0.464446366
90,2007-07,AUT,2004576,1856672.188," $38,452,274,772 "," $35,524,883,770 ",-0.034049139,-0.043240304
90,2007-07,CRC,7517184,7328199.733," $39,591,773,280 "," $38,284,750,430 ",0.057565495,0.033110969
90,2007-07,MTG,892824,876503.6422," $188,966,780,352 "," $192,897,623,632 ",-0.199565367,-0.191954943
90,2007-07,STU,1216968,1548295.178," $10,316,401,656 "," $10,782,190,549 ",-0.171650508,-0.417680563
91,2007-08,AUT,2064708,1875469.981," $39,586,977,612 "," $35,898,830,304 ",-0.00981026,-0.006253404
91,2007-08,CRC,7856472,7204286.15," $40,386,505,812 "," $36,699,992,299 ",0.006362143,-0.06270924
91,2007-08,MTG,867396,814030.6673," $178,678,906,536 "," $170,104,756,400 ",-0.312703242,-0.324925458
91,2007-08,STU,4049220,1599885.458," $30,701,044,968 "," $11,087,133,336 ",-0.010088772,-0.064874565
92,2007-09,AUT,1767312,1897361.354," $34,299,513,048 "," $36,435,811,739 ",-0.024410278,-0.014227582
92,2007-09,CRC,7104180,7082781.483," $37,286,616,096 "," $37,838,691,345 ",-0.10737064,-0.166544836
92,2007-09,MTG,659340,726672.0102," $131,805,627,720 "," $146,383,755,698 ",-0.413112443,-0.444613614
92,2007-09,STU,3023664,1570502.876," $21,800,323,308 "," $11,824,764,474 ",-0.0203723,-0.04306237
93,2007-10,AUT,1801932,1899548.109," $35,770,973,160 "," $37,458,069,355 ",0.039255583,0.087133043
93,2007-10,CRC,7643724,7356275.169," $41,116,841,928 "," $38,628,585,796 ",0.060671961,0.014849337
93,2007-10,MTG,740052,702970.1664," $150,490,790,568 "," $141,939,609,119 ",-0.372298955,-0.405962783
93,2007-10,STU,1734984,1401583.86," $10,767,935,160 "," $9,571,314,221 ",-0.022063797,-0.219476516
94,2007-11,AUT,1650708,1836092.787," $31,798,005,408 "," $35,166,778,754 ",-0.002848817,0.019828981
94,2007-11,CRC,7661928,6841987.111," $39,540,618,108 "," $37,154,179,733 ",-0.005945699,-0.019617895
94,2007-11,MTG,673116,686146.8754," $135,351,087,648 "," $135,377,477,442 ",-0.390392871,-0.436550368
94,2007-11,STU,1119528,1438355.243," $7,837,426,224 "," $10,378,375,670 ",-0.077867394,-0.267121632
95,2007-12,AUT,1661424,1822144.996," $32,732,281,512 "," $34,890,477,723 ",-0.016291875,0.003716652
95,2007-12,CRC,7235388,6994350.66," $38,259,136,380 "," $38,627,970,582 ",-0.052884313,-0.029150557
95,2007-12,MTG,675672,691727.4615," $141,374,326,152 "," $138,122,515,776 ",-0.395981506,-0.446615781
95,2007-12,STU,762144,1399354.493," $5,627,732,784 "," $9,903,924,968 ",-0.121184447,-0.261620648
96,2008-01,AUT,1611720,1807206.677," $29,962,736,736 "," $34,018,992,576 ",-0.018122802,-0.021596804
96,2008-01,CRC,6256788,6993588.945," $33,958,197,456 "," $37,845,851,188 ",-0.080574228,-0.059766968
96,2008-01,MTG,615900,703382.575," $125,872,307,232 "," $136,330,834,018 ",-0.378006956,-0.437224198
96,2008-01,STU,1384464,1463519.699," $8,772,616,920 "," $10,525,732,794 ",-0.0232314,-0.120531586
97,2008-02,AUT,1736124,1734358.916," $32,414,879,160 "," $32,866,090,266 ",-0.002337673,-0.022364626
97,2008-02,CRC,5829420,6694223.823," $31,899,517,704 "," $35,770,657,141 ",-0.157978392,-0.164616953
97,2008-02,MTG,849888,959196.8547," $182,121,415,548 "," $202,424,793,296 ",-0.07049019,-0.102206687
97,2008-02,STU,1107912,1477023.985," $6,786,991,632 "," $10,629,336,011 ",0.10211049,-0.037826276
98,2008-03,AUT,1947168,1781491.53," $36,637,464,600 "," $33,606,285,822 ",-0.055330446,-0.064245887
98,2008-03,CRC,6374400,6583261.452," $35,246,945,616 "," $35,615,572,770 ",-0.13050168,-0.137501276
98,2008-03,MTG,821808,812620.0951," $173,797,579,692 "," $174,136,895,035 ",-0.231854635,-0.271057071
98,2008-03,STU,869664,1466782.939," $5,232,217,176 "," $9,466,484,414 ",-0.061170557,-0.286460225
99,2008-04,AUT,1871424,1801385.753," $34,531,906,404 "," $33,707,532,633 ",-0.012061626,-0.036626172
99,2008-04,CRC,6392772,6535324.958," $34,991,128,440 "," $34,686,633,362 ",-0.120292855,-0.132598752
99,2008-04,MTG,814644,767458.1491," $164,421,177,024 "," $158,985,704,448 ",-0.198954548,-0.259189425
99,2008-04,STU,842472,1452687.966," $5,046,196,320 "," $9,051,460,233 ",-0.010625705,-0.263479206
100,2008-05,AUT,1932240,1762231.355," $35,378,675,316 "," $32,232,893,443 ",-0.072412005,-0.105173706
100,2008-05,CRC,6476700,6497770.354," $34,673,200,344 "," $34,687,709,268 ",-0.125030396,-0.101308937
100,2008-05,MTG,723720,678064.5356," $151,034,550,888 "," $143,194,849,471 ",-0.324386391,-0.352897139
100,2008-05,STU,989376,1440137.827," $5,827,834,104 "," $8,893,105,749 ",-0.098928962,-0.222959128
101,2008-06,AUT,1793772,1704912.554," $32,647,611,636 "," $31,219,521,515 ",-0.089363387,-0.126915917
101,2008-06,CRC,6385752,6396334.009," $36,310,767,768 "," $36,315,680,249 ",-0.13272369,-0.056281062
101,2008-06,MTG,661356,612394.6405," $133,753,698,312 "," $126,538,285,966 ",-0.336938606,-0.382484817
101,2008-06,STU,926688,1345074.418," $5,569,370,064 "," $7,363,073,154 ",-0.118749287,-0.376614747
102,2008-07,AUT,1757712,1590894.582," $32,342,082,096 "," $29,200,017,361 ",-0.123150232,-0.158903282
102,2008-07,CRC,7210236,6948861.877," $45,035,486,592 "," $42,998,518,417 ",-0.040832844,0.137496072
102,2008-07,MTG,596604,570163.0448," $115,382,960,928 "," $114,263,986,334 ",-0.331778716,-0.389400821
102,2008-07,STU,1294704,1638242.407," $9,237,322,680 "," $9,919,153,107 ",0.063876782,-0.104598387
103,2008-08,AUT,1684764,1547811.084," $31,446,491,376 "," $28,636,702,826 ",-0.184018273,-0.205635457
103,2008-08,CRC,6221988,5862768.372," $33,553,179,456 "," $31,741,212,933 ",-0.208042999,-0.169198256
103,2008-08,MTG,544344,553501.8662," $105,507,200,352 "," $108,917,140,147 ",-0.372438886,-0.409515077
103,2008-08,STU,4137336,1799093.895," $31,585,770,144 "," $11,980,984,172 ",0.021761228,0.028817429
104,2008-09,AUT,1444620,1526104.004," $26,921,023,908 "," $28,229,810,748 ",-0.182589152,-0.215119355
104,2008-09,CRC,5707968,5610201.468," $30,463,148,160 "," $30,271,722,339 ",-0.196533872,-0.183000461
104,2008-09,MTG,525600,536952.5629," $99,700,520,268 "," $102,283,066,217 ",-0.202839203,-0.243579186
104,2008-09,STU,3920784,1869122.207," $25,219,088,192 "," $12,477,794,884 ",0.296699633,0.156821751
105,2008-10,AUT,1244088,1329514.843," $22,682,351,448 "," $24,125,979,624 ",-0.30958105,-0.365900633
105,2008-10,CRC,5363232,5144316.44," $28,918,284,264 "," $27,163,643,695 ",-0.298348292,-0.296680316
105,2008-10,MTG,555072,517250.5598," $109,182,348,600 "," $100,894,684,707 ",-0.249955409,-0.274491494
105,2008-10,STU,2688456,2113132.308," $15,488,480,640 "," $13,757,170,186 ",0.549556653,0.438389107
106,2008-11,AUT,1117752,1342089.017," $20,186,855,556 "," $24,185,619,049 ",-0.322865098,-0.365153402
106,2008-11,CRC,5425332,4931128.535," $26,074,888,440 "," $25,041,096,573 ",-0.291910339,-0.340554354
106,2008-11,MTG,381816,403955.8298," $73,032,127,152 "," $75,952,602,620 ",-0.432763446,-0.460424527
106,2008-11,STU,1482048,2083491.958," $8,279,725,512 "," $12,160,779,627 ",0.323815036,0.056434252
107,2008-12,AUT,1197468,1318219.225," $22,097,054,376 "," $23,528,015,195 ",-0.279252015,-0.324915547
107,2008-12,CRC,4720812,4441400.468," $22,161,313,440 "," $21,640,160,270 ",-0.347538515,-0.420757614
107,2008-12,MTG,528696,495941.481," $107,144,108,592 "," $95,925,261,855 ",-0.217525663,-0.242124709
107,2008-12,STU,1289316,2244867.1," $7,900,552,836 "," $13,387,318,176 ",0.691696057,0.403860691
108,2009-01,AUT,1183992,1366252.08," $20,872,494,628 "," $24,511,910,989 ",-0.265386047,-0.303384907
108,2009-01,CRC,3633336,4104165.929," $18,309,209,256 "," $20,609,123,220 ",-0.41929693,-0.460830944
108,2009-01,MTG,721584,837701.9695," $151,442,723,712 "," $167,416,797,870 ",0.171592791,0.203145688
108,2009-01,STU,2075352,2240659.214," $11,737,666,656 "," $14,210,664,761 ",0.499029227,0.337989196
109,2009-02,AUT,1183932,1304197.371," $20,916,241,752 "," $23,694,289,265 ",-0.318060231,-0.354733311
109,2009-02,CRC,3273864,3916167.041," $16,935,660,712 "," $19,726,586,842 ",-0.438389411,-0.469093518
109,2009-02,MTG,846840,1006730.79," $175,057,337,508 "," $205,435,983,323 ",-0.003586355,-0.03878774
109,2009-02,STU,1698336,2330321.263," $8,466,262,320 "," $13,741,326,124 ",0.532915972,0.247424894
110,2009-03,AUT,1365828,1193934.28," $24,684,294,588 "," $21,663,986,937 ",-0.298556673,-0.326255382
110,2009-03,CRC,3742488,3826340.656," $18,975,841,752 "," $18,875,092,036 ",-0.412887801,-0.461631599
110,2009-03,MTG,922416,898112.0753," $190,436,034,432 "," $188,470,902,234 ",0.122422756,0.095734675
110,2009-03,STU,1440288,2337958.263," $7,494,466,848 "," $13,140,125,016 ",0.656143062,0.432369222
111,2009-04,AUT,1281156,1196497.595," $23,046,626,532 "," $21,970,064,269 ",-0.315411152,-0.332599068
111,2009-04,CRC,3692292,3759422.189," $18,554,984,388 "," $18,365,695,155 ",-0.422427079,-0.469723178
111,2009-04,MTG,964728,924985.7581," $200,421,645,312 "," $197,771,791,171 ",0.184232622,0.218952746
111,2009-04,STU,1345800,2279588.102," $7,250,579,088 "," $13,044,488,669 ",0.597441814,0.436840469
112,2009-05,AUT,1359276,1241823.451," $24,843,617,208 "," $22,573,371,657 ",-0.296528382,-0.297779892
112,2009-05,CRC,3694584,3737183.665," $17,691,550,416 "," $17,836,349,937 ",-0.429557645,-0.48976298
112,2009-05,MTG,1019328,1014247.275," $211,443,199,320 "," $212,957,073,589 ",0.408456309,0.399965757
112,2009-05,STU,1588584,2374658.611," $8,538,005,088 "," $13,276,360,381 ",0.605642344,0.465039144
113,2009-06,AUT,1394076,1287123.884," $25,228,715,904 "," $23,455,281,930 ",-0.222824305,-0.227241607
113,2009-06,CRC,3535344,3513828.247," $17,439,100,296 "," $17,254,882,373 ",-0.446369981,-0.519726479
113,2009-06,MTG,1006416,916083.3555," $205,886,014,608 "," $190,821,406,247 ",0.52174623,0.539292126
113,2009-06,STU,1488984,2110422.727," $7,652,546,532 "," $10,124,167,473 ",0.606780276,0.374041668
114,2009-07,AUT,1495140,1335001.754," $26,964,670,092 "," $23,928,941,483 ",-0.149382834,-0.166266723
114,2009-07,CRC,3585120,3460758.003," $16,878,320,604 "," $16,193,829,397 ",-0.502773557,-0.625221756
114,2009-07,MTG,849312,816031.2698," $173,197,364,496 "," $171,755,252,456 ",0.423577448,0.501065349
114,2009-07,STU,1447104,1875800.69," $10,658,180,544 "," $12,027,987,760 ",0.117710303,0.153817065
115,2009-08,AUT,1724556,1593053.242," $31,238,693,448 "," $28,608,138,392 ",0.023618738,-0.006607985
115,2009-08,CRC,3579480,3387301.606," $16,700,734,980 "," $16,008,043,340 ",-0.424704773,-0.502260732
115,2009-08,MTG,659640,672001.2982," $131,018,547,552 "," $134,646,325,842 ",0.21180724,0.241797215
115,2009-08,STU,4680000,2043296.594," $34,778,640,120 "," $12,938,442,187 ",0.131162661,0.101085709
116,2009-09,AUT,1169948,1261008.562," $21,738,962,468 "," $23,248,477,846 ",-0.19013443,-0.192491246
116,2009-09,CRC,3351180,3319425.636," $15,164,504,352 "," $15,168,147,329 ",-0.412894396,-0.502201668
116,2009-09,MTG,625680,626553.6584," $122,899,601,232 "," $123,749,004,802 ",0.190410959,0.232687662
116,2009-09,STU,4404600,2048172.988," $26,537,935,544 "," $12,890,348,135 ",0.123397769,0.0522956
117,2009-10,AUT,1203276,1275965.494," $22,666,511,736 "," $23,768,902,425 ",-0.032804753,-0.000698328
117,2009-10,CRC,3653664,3547849.967," $16,565,947,284 "," $15,828,328,823 ",-0.318757048,-0.42714626
117,2009-10,MTG,698796,659895.2313," $140,983,667,160 "," $132,042,594,161 ",0.258928571,0.291267947
117,2009-10,STU,2877792,2352893.026," $15,714,804,248 "," $14,469,173,187 ",0.070425553,0.014612383
118,2009-11,AUT,1148448,1349831.573," $21,571,517,592 "," $25,211,348,619 ",0.027462264,0.06859226
118,2009-11,CRC,4038912,3608833.947," $17,153,561,280 "," $16,121,077,812 ",-0.255545651,-0.342142486
118,2009-11,MTG,692208,689684.379," $138,924,686,808 "," $135,599,218,224 ",0.812936074,0.902240729
118,2009-11,STU,1784904,2463046.381," $9,725,454,312 "," $14,439,602,416 ",0.204349657,0.174610716
119,2009-12,AUT,1241172,1352266.497," $24,171,481,452 "," $25,396,418,712 ",0.036497009,0.093877991
119,2009-12,CRC,3874332,3624964.146," $16,114,923,120 "," $15,639,522,044 ",-0.179308136,-0.272835378
119,2009-12,MTG,675792,623955.8611," $141,593,282,664 "," $125,580,507,572 ",0.278224159,0.321521869
119,2009-12,STU,1352688,2459858.999," $8,054,524,440 "," $14,008,081,157 ",0.049151643,0.019488713
120,2010-01,AUT,1132560,1365686.044," $21,122,768,040 "," $25,654,533,331 ",-0.043439483,0.011990585
120,2010-01,CRC,3307512,3778597.591," $14,980,320,984 "," $16,980,830,187 ",-0.089676264,-0.181814967
120,2010-01,MTG,502968,595588.8591," $105,595,703,112 "," $120,362,541,655 ",-0.302966806,-0.30273505
120,2010-01,STU,2127216,2379821.383," $11,460,634,884 "," $14,193,665,871 ",0.024990459,-0.023601946
121,2010-02,AUT,1219920,1335223.721," $22,312,854,612 "," $25,113,811,200 ",0.030397016,0.066771692
121,2010-02,CRC,2868240,3427094.189," $13,771,159,116 "," $15,929,517,415 ",-0.123897633,-0.186854334
121,2010-02,MTG,455952,546302.1993," $93,707,604,528 "," $111,245,276,236 ",-0.461584243,-0.46470336
121,2010-02,STU,1753896,2437866.868," $8,770,437,600 "," $14,235,533,582 ",0.032714375,0.03592793
122,2010-03,AUT,1645260,1437638.067," $31,085,367,108 "," $27,513,661,931 ",0.204587986,0.25931762
122,2010-03,CRC,3378132,3405623.674," $16,538,034,840 "," $16,150,330,783 ",-0.097356625,-0.128468974
122,2010-03,MTG,598776,576425.3082," $120,317,644,584 "," $117,833,680,238 ",-0.350861217,-0.36819917
122,2010-03,STU,1577952,2528359.028," $8,269,086,792 "," $14,021,202,936 ",0.095580884,0.103358913
123,2010-04,AUT,1555128,1462337.439," $28,956,318,600 "," $27,625,805,643 ",0.213847494,0.256423302
123,2010-04,CRC,3525312,3576856.974," $16,722,264,192 "," $16,542,207,363 ",-0.045223942,-0.098772392
123,2010-04,MTG,604848,594800.3981," $118,831,146,552 "," $120,385,907,564 ",-0.373037789,-0.407094247
123,2010-04,STU,1312392,2223849.436," $7,496,428,368 "," $13,474,401,620 ",-0.024823897,0.033907537
124,2010-05,AUT,1557288,1442183.504," $29,692,531,860 "," $27,379,557,942 ",0.145674609,0.195177482
124,2010-05,CRC,3506664,3540351.929," $16,765,283,952 "," $16,815,075,787 ",-0.050863643,-0.052356432
124,2010-05,MTG,560304,571905.6571," $110,129,775,816 "," $113,357,060,189 ",-0.450320211,-0.479151961
124,2010-05,STU,1292016,1908216.661," $7,912,906,368 "," $11,933,790,108 ",-0.186687012,-0.073213674
125,2010-06,AUT,1568796,1493819.998," $29,582,718,372 "," $28,400,831,015 ",0.125330326,0.172581216
125,2010-06,CRC,3643464,3636309.122," $17,252,418,312 "," $17,183,455,113 ",0.030582597,-0.010704794
125,2010-06,MTG,687552,632251.2608," $141,246,213,816 "," $131,707,762,064 ",-0.316831211,-0.313959163
125,2010-06,STU,1387056,1947514.959," $8,739,740,524 "," $11,752,473,172 ",-0.068454732,0.14206957
126,2010-07,AUT,1658460,1497815.006," $31,642,076,532 "," $28,502,369,068 ",0.109233918,0.173464256
126,2010-07,CRC,3806424,3729732.324," $17,942,236,944 "," $17,643,085,739 ",0.061728478,0.063034491
126,2010-07,MTG,617520,609577.71," $131,988,908,160 "," $133,758,736,406 ",-0.272917373,-0.237927733
126,2010-07,STU,1092792,1492108.389," $8,813,676,080 "," $10,523,486,411 ",-0.244842112,-0.173059976
127,2010-08,AUT,1671480,1540253.055," $31,633,935,984 "," $29,117,851,906 ",-0.030776617,0.012652339
127,2010-08,CRC,3981984,3745443.2," $18,526,709,904 "," $17,706,166,603 ",0.112447618,0.109335004
127,2010-08,MTG,778272,758399.7079," $167,331,849,768 "," $163,217,817,404 ",0.179843551,0.277161539
127,2010-08,STU,3971088,1633214.066," $32,654,255,832 "," $11,594,903,604 ",-0.151476923,-0.061083018
128,2010-09,AUT,1515828,1586569.901," $28,639,289,364 "," $29,801,036,730 ",0.295637071,0.31741749
128,2010-09,CRC,3796740,3786966.499," $17,513,338,296 "," $17,619,313,198 ",0.132956153,0.154890255
128,2010-09,MTG,841272,826624.9531," $180,158,508,024 "," $178,213,376,713 ",0.344572305,0.465899858
128,2010-09,STU,3859992,1719439.758," $25,542,966,396 "," $12,330,260,668 ",-0.12364528,-0.037492334
129,2010-10,AUT,1499916,1616065.477," $28,632,833,100 "," $30,504,274,293 ",0.246526981,0.263221859
129,2010-10,CRC,3848820,3785678.559," $19,157,066,520 "," $18,654,867,493 ",0.053413779,0.15641238
129,2010-10,MTG,867288,835663.753," $184,751,695,536 "," $177,245,843,175 ",0.241117579,0.31044751
129,2010-10,STU,1867656,1641333.576," $12,338,322,916 "," $11,922,966,710 ",-0.351010775,-0.214859904
130,2010-11,AUT,1439784,1597184.743," $27,364,009,428 "," $30,201,604,724 ",0.253678007,0.268525003
130,2010-11,CRC,4426152,3901634.519," $21,217,767,648 "," $19,552,474,996 ",0.095877306,0.236930763
130,2010-11,MTG,862728,819731.9677," $184,415,282,664 "," $171,111,507,349 ",0.24634214,0.327447892
130,2010-11,STU,1141128,1591187.489," $7,519,699,488 "," $11,068,223,183 ",-0.360678221,-0.22680224
131,2010-12,AUT,1530816,1630120.582," $30,161,097,912 "," $31,035,664,806 ",0.233363305,0.247796829
131,2010-12,CRC,4288032,3982738.494," $20,821,437,528 "," $20,062,769,593 ",0.106779698,0.292059377
131,2010-12,MTG,846600,778056.6675," $182,395,042,464 "," $162,033,064,987 ",0.252752326,0.288161691
131,2010-12,STU,752012,1452130.507," $6,114,709,616 "," $10,754,497,048 ",-0.44406101,-0.240835426
132,2011-01,AUT,1421792,1657234.551," $26,941,643,708 "," $31,635,522,627 ",0.255378964,0.275478841
132,2011-01,CRC,3581256,4088357.524," $17,618,106,480 "," $19,696,275,682 ",0.082764326,0.176083376
132,2011-01,MTG,606672,718068.3282," $128,983,106,640 "," $148,770,287,615 ",0.206184091,0.221480636
132,2011-01,STU,1366776,1535980.205," $9,342,320,232 "," $11,666,143,150 ",-0.357481328,-0.184833971
133,2011-02,AUT,1580496,1698976.43," $29,203,214,568 "," $32,216,085,265 ",0.29557348,0.308806743
133,2011-02,CRC,3435900,4089668.143," $17,707,172,424 "," $20,305,237,754 ",0.197912309,0.285815687
133,2011-02,MTG,485712,586969.7852," $99,311,868,984 "," $119,478,968,596 ",0.065270028,0.059805866
133,2011-02,STU,1045920,1513347.031," $7,178,279,376 "," $11,710,423,490 ",-0.403659054,-0.181536919
134,2011-03,AUT,1874016,1663571.618," $35,104,745,808 "," $31,602,502,182 ",0.139039422,0.12930131
134,2011-03,CRC,4206852,4226276.65," $21,352,177,800 "," $20,810,949,819 ",0.245319011,0.291095224
134,2011-03,MTG,523392,511314.2239," $104,959,566,024 "," $104,277,514,690 ",-0.12589683,-0.127646104
134,2011-03,STU,944880,1583211.111," $6,586,875,480 "," $11,081,758,391 ",-0.401198516,-0.203433747
135,2011-04,AUT,1726332,1644288.589," $32,602,233,828 "," $31,318,230,205 ",0.110089973,0.125910869
135,2011-04,CRC,3975792,4066875.292," $18,969,725,064 "," $19,034,828,832 ",0.127784434,0.134399316
135,2011-04,MTG,473472,491003.5415," $92,701,833,384 "," $99,020,303,826 ",-0.217204984,-0.219886065
135,2011-04,STU,1005144,1809274.411," $8,631,655,344 "," $15,902,811,459 ",-0.234112978,0.151435713
136,2011-05,AUT,1722644,1611631.323," $33,297,905,300 "," $30,995,415,560 ",0.106182029,0.121423577
136,2011-05,CRC,4347828,4337352.764," $20,738,218,944 "," $20,413,980,529 ",0.239875848,0.236973916
136,2011-05,MTG,481680,483157.699," $95,824,542,288 "," $96,655,768,380 ",-0.140323824,-0.129894331
136,2011-05,STU,1304160,1810153.053," $9,663,502,128 "," $13,642,405,329 ",0.009399264,0.221232968
137,2011-06,AUT,1693956,1622554.592," $32,419,935,348 "," $31,268,763,749 ",0.079780928,0.09590792
137,2011-06,CRC,4285200,4284702.928," $20,693,362,464 "," $20,783,559,530 ",0.176133482,0.199447062
137,2011-06,MTG,548088,505096.1736," $110,727,858,936 "," $102,570,766,397 ",-0.202841385,-0.216064941
137,2011-06,STU,1273488,1774657.42," $9,114,792,720 "," $12,305,672,759 ",-0.081877011,0.042913425
138,2011-07,AUT,1762728,1650778.114," $34,325,523,456 "," $31,988,145,506 ",0.062870374,0.084806284
138,2011-07,CRC,4341660,4307421.101," $20,518,656,048 "," $20,629,495,256 ",0.140613868,0.1435952
138,2011-07,MTG,537384,541642.0419," $110,225,459,520 "," $113,242,085,319 ",-0.129770696,-0.164888466
138,2011-07,STU,1270488,1819670.567," $10,703,781,456 "," $13,159,575,267 ",0.16260734,0.214451423
139,2011-08,AUT,1821276,1647515.345," $35,092,762,992 "," $31,799,818,499 ",0.089618781,0.109339129
139,2011-08,CRC,4797384,4484530.069," $23,069,284,080 "," $21,910,233,184 ",0.204772294,0.245190549
139,2011-08,MTG,612624,564733.4429," $125,317,722,192 "," $114,911,515,406 ",-0.212840755,-0.25108267
139,2011-08,STU,5125464,1936851.159," $36,972,333,956 "," $12,592,209,730 ",0.290695145,0.132236305
140,2011-09,AUT,1690884,1734165.298," $33,107,563,572 "," $33,696,981,702 ",0.115485398,0.156019032
140,2011-09,CRC,4429416,4441014.757," $22,690,067,424 "," $22,920,339,855 ",0.166636641,0.295587799
140,2011-09,MTG,689280,666145.4295," $150,486,135,432 "," $146,576,795,284 ",-0.180669272,-0.164701478
140,2011-09,STU,4217544,1808392.99," $24,115,203,612 "," $11,670,950,318 ",0.092630244,-0.055896514
141,2011-10,AUT,1676844,1787998.536," $32,693,058,644 "," $34,552,862,867 ",0.117958606,0.141803137
141,2011-10,CRC,4557888,4511280.13," $22,877,464,152 "," $22,471,222,125 ",0.184229972,0.194204975
141,2011-10,MTG,755592,726581.0145," $159,973,263,840 "," $153,907,406,097 ",-0.128787669,-0.134117479
141,2011-10,STU,1750848,1635548.885," $10,422,931,512 "," $10,375,296,465 ",-0.062542567,-0.155239202
142,2011-11,AUT,1628184,1802108.137," $31,622,426,316 "," $34,812,578,031 ",0.130852961,0.155621087
142,2011-11,CRC,5191260,4585677.625," $24,116,930,400 "," $22,185,284,627 ",0.17286076,0.136638444
142,2011-11,MTG,735504,702730.0181," $159,659,811,240 "," $149,536,144,883 ",-0.147467104,-0.134237635
142,2011-11,STU,1089648,1621697.858," $7,831,572,480 "," $11,746,003,467 ",-0.045113256,0.04147413
143,2011-12,AUT,1725912,1819842.363," $34,687,641,300 "," $35,330,510,301 ",0.127445754,0.150078867
143,2011-12,CRC,4656120,4350996.517," $23,063,222,952 "," $22,415,458,063 ",0.085840777,0.107667178
143,2011-12,MTG,729624,698914.5276," $155,033,682,360 "," $144,252,598,036 ",-0.13817151,-0.150011534
143,2011-12,STU,795408,1683588.947," $6,299,984,052 "," $11,429,008,080 ",0.057706526,0.030299793
144,2012-01,AUT,1561320,1810992.336," $30,162,276,948 "," $35,304,652,142 ",0.098135311,0.119541082
144,2012-01,CRC,3848676,4327947.102," $20,517,883,080 "," $22,288,964,845 ",0.074672126,0.164590707
144,2012-01,MTG,638304,736740.9066," $134,968,725,240 "," $153,376,345,095 ",0.052140201,0.046406221
144,2012-01,STU,1541784,1681254.063," $9,105,506,940 "," $11,126,872,316 ",0.128044391,-0.025348445
145,2012-02,AUT,1827000,1837583.877," $34,295,430,768 "," $35,539,287,811 ",0.155966228,0.17437177
145,2012-02,CRC,3875400,4425288.526," $20,436,522,768 "," $22,380,338,398 ",0.127914084,0.154138124
145,2012-02,MTG,713520,832968.997," $153,355,736,352 "," $179,161,641,983 ",0.469018678,0.544183368
145,2012-02,STU,1145088,1627153.263," $6,674,946,692 "," $10,446,628,697 ",0.094814135,-0.070118848
146,2012-03,AUT,2077908,1850298.235," $39,835,756,308 "," $35,952,706,559 ",0.108799498,0.134768402
146,2012-03,CRC,4272552,4327191.17," $22,362,979,656 "," $22,028,348,723 ",0.015617379,0.04733952
146,2012-03,MTG,811152,827857.5309," $169,990,398,192 "," $176,172,108,828 ",0.549798239,0.61957985
146,2012-03,STU,954768,1712832.167," $6,411,487,272 "," $10,936,826,855 ",0.010464821,-0.02662692
147,2012-04,AUT,1909740,1868385.735," $37,015,383,192 "," $36,552,047,883 ",0.106241441,0.135363404
147,2012-04,CRC,4197744,4269978.59," $22,106,090,544 "," $22,145,043,852 ",0.055825858,0.165335316
147,2012-04,MTG,758184,792205.7486," $158,675,647,704 "," $169,989,131,177 ",0.601328062,0.711677557
147,2012-04,STU,904824,1689573.646," $6,171,770,664 "," $11,152,059,698 ",-0.099806595,-0.284984117
148,2012-05,AUT,2029896,1884235.99," $39,769,827,348 "," $36,741,253,044 ",0.178360706,0.19436424
148,2012-05,CRC,4294920,4228268.755," $23,100,988,584 "," $22,409,686,885 ",-0.012168835,0.113933103
148,2012-05,MTG,807384,779655.8041," $168,526,233,648 "," $162,968,079,514 ",0.676183358,0.758695942
148,2012-05,STU,1359216,1805151.418," $9,315,703,332 "," $12,388,172,955 ",0.042215679,-0.035990968
149,2012-06,AUT,1912560,1847064.966," $37,541,975,712 "," $36,251,121,881 ",0.129049397,0.157990456
149,2012-06,CRC,4219008,4264591.924," $21,009,011,184 "," $21,496,284,560 ",-0.015446654,0.015253622
149,2012-06,MTG,827688,779764.4611," $175,922,272,296 "," $165,563,335,084 ",0.510137058,0.588780583
149,2012-06,STU,1410408,2020242.969," $10,268,281,536 "," $14,261,161,088 ",0.107515736,0.126551294
150,2012-07,AUT,1995468,1877721.419," $38,945,512,008 "," $36,560,181,128 ",0.132033984,0.13459339
150,2012-07,CRC,4326552,4234911.637," $21,417,414,264 "," $21,304,620,691 ",-0.003479775,0.043802002
150,2012-07,MTG,857856,820543.189," $185,149,702,368 "," $178,031,259,106 ",0.596355679,0.679736271
150,2012-07,STU,1377144,1914357.667," $13,098,825,348 "," $15,323,015,533 ",0.083948845,0.223756801
151,2012-08,AUT,2100888,1904765.445," $40,887,741,024 "," $37,125,234,511 ",0.153525331,0.165133137
151,2012-08,CRC,4533792,4261372.904," $22,275,548,616 "," $21,273,880,313 ",-0.054944945,-0.034406593
151,2012-08,MTG,992808,896157.6329," $213,807,067,056 "," $192,253,446,237 ",0.620582935,0.706119959
151,2012-08,STU,4519416,1654473.204," $34,821,120,980 "," $11,860,343,187 ",-0.118242563,-0.058184398
152,2012-09,AUT,1835772,1914302.875," $36,384,686,112 "," $37,515,519,483 ",0.085687723,0.098984105
152,2012-09,CRC,4159608,4294479.149," $21,177,999,312 "," $22,057,885,884 ",-0.06091277,-0.066640089
152,2012-09,MTG,867792,889955.1561," $184,110,814,032 "," $191,474,069,039 ",0.258983287,0.223440375
152,2012-09,STU,3554016,1605191.702," $22,421,855,032 "," $11,703,869,894 ",-0.157325685,-0.070219128
153,2012-10,AUT,1836456,1918645.751," $36,275,646,876 "," $37,768,341,533 ",0.095185956,0.109582535
153,2012-10,CRC,4417056,4293245.436," $23,345,703,744 "," $22,477,536,827 ",-0.030898521,0.020467286
153,2012-10,MTG,1010976,918388.9056," $214,346,229,024 "," $195,217,377,094 ",0.337991932,0.339887828
153,2012-10,STU,1750200,1575216.178," $11,973,328,308 "," $11,615,170,499 ",-0.000370106,0.148748631
154,2012-11,AUT,1790088,1945294.293," $35,598,733,832 "," $38,420,445,776 ",0.099438393,0.125743277
154,2012-11,CRC,4846536,4305783.644," $24,275,577,144 "," $22,404,049,597 ",-0.066404688,0.006578231
154,2012-11,MTG,952056,926657.1201," $204,762,065,328 "," $196,471,772,962 ",0.294426679,0.282489712
154,2012-11,STU,912024,1422733.253," $6,835,615,980 "," $10,312,788,137 ",-0.16301044,-0.12717197
155,2012-12,AUT,1816464,1959048.058," $37,203,847,680 "," $38,708,570,456 ",0.052466174,0.072538988
155,2012-12,CRC,4713456,4455164.51," $23,111,935,104 "," $22,775,458,624 ",0.012314116,0.002112114
155,2012-12,MTG,961464,971148.1885," $211,299,499,776 "," $207,834,468,782 ",0.317752706,0.362926408
155,2012-12,STU,639864,1450662.681," $5,968,971,336 "," $11,004,738,554 ",-0.195552471,-0.052541834
156,2013-01,AUT,1738248,1972905.7," $34,135,890,444 "," $39,227,015,637 ",0.113319499,0.131741165
156,2013-01,CRC,3949224,4372983.222," $21,783,914,088 "," $22,991,892,229 ",0.026125348,0.061703783
156,2013-01,MTG,913008,1043673.051," $196,722,199,848 "," $222,991,955,446 ",0.430365468,0.457539141
156,2013-01,STU,1358160,1434355.3," $9,020,091,528 "," $10,731,051,359 ",-0.119098395,-0.009380632
157,2013-02,AUT,1868352,1999692.301," $36,076,070,928 "," $39,656,320,547 ",0.022633826,0.051920624
157,2013-02,CRC,3734832,4416883.142," $20,868,363,240 "," $23,718,236,734 ",-0.036271869,0.021130819
157,2013-02,MTG,836832,1031120.721," $178,005,071,400 "," $220,563,470,462 ",0.172822065,0.160733049
157,2013-02,STU,946512,1419186.155," $6,574,503,784 "," $10,705,633,310 ",-0.173415493,-0.015047747
158,2013-03,AUT,2171844,1990794.287," $42,581,737,276 "," $39,533,888,405 ",0.045207006,0.068932568
158,2013-03,CRC,4327104,4429027.37," $23,642,474,760 "," $23,579,908,937 ",0.012768013,0.057214876
158,2013-03,MTG,903648,951051.6737," $190,516,848,528 "," $202,937,271,913 ",0.114030416,0.120750646
158,2013-03,STU,696144,1320561.614," $5,500,466,052 "," $9,423,486,013 ",-0.270876276,-0.142092027
159,2013-04,AUT,2104872,2032538.319," $41,447,388,276 "," $40,381,107,645 ",0.10217726,0.11973414
159,2013-04,CRC,4374912,4377913.883," $23,536,374,312 "," $23,229,821,792 ",0.042205528,0.064700892
159,2013-04,MTG,918144,919982.9778," $192,283,552,584 "," $196,183,534,899 ",0.21097781,0.211802538
159,2013-04,STU,689592,1283642.314," $5,150,187,108 "," $8,816,822,379 ",-0.237871674,-0.165525197
160,2013-05,AUT,2224524,2060087.414," $44,570,267,664 "," $41,021,291,032 ",0.095880774,0.120705586
160,2013-05,CRC,4463472,4370811.736," $23,245,232,640 "," $22,521,533,244 ",0.039244503,0.006244064
160,2013-05,MTG,953928,903755.1336," $205,868,324,688 "," $195,277,402,041 ",0.181504712,0.221580286
160,2013-05,STU,930336,1238934.737," $6,959,329,976 "," $9,108,214,858 ",-0.315534838,-0.252946372
161,2013-06,AUT,2096340,2077758.578," $41,869,195,548 "," $41,458,837,987 ",0.096091103,0.115263508
161,2013-06,CRC,4342248,4415392.173," $22,782,685,296 "," $23,565,397,923 ",0.029210658,0.084424445
161,2013-06,MTG,888432,852284.6528," $192,212,349,216 "," $183,322,004,079 ",0.073389973,0.09259815
161,2013-06,STU,844200,1263316.657," $6,275,337,048 "," $8,867,889,158 ",-0.401449793,-0.388861999
162,2013-07,AUT,2238060,2086184.92," $44,489,716,200 "," $41,425,470,895 ",0.121571481,0.142357974
162,2013-07,CRC,4647936,4465155.205," $24,648,896,728 "," $24,058,867,292 ",0.074281784,0.150881074
162,2013-07,MTG,854280,779708.5179," $183,055,858,080 "," $166,187,376,667 ",-0.004168532,-0.011308926
162,2013-07,STU,810768,1103200.139," $7,752,034,992 "," $8,603,145,599 ",-0.411268538,-0.408188537
163,2013-08,AUT,2298168,2079023.505," $45,704,851,524 "," $41,352,527,144 ",0.09390315,0.117813075
163,2013-08,CRC,4773384,4560769.221," $25,871,151,096 "," $25,138,731,150 ",0.05284583,0.161414767
163,2013-08,MTG,751464,687785.4804," $158,538,169,128 "," $145,154,515,292 ",-0.24309232,-0.258498929
163,2013-08,STU,3282888,1225679.956," $27,331,499,796 "," $9,729,721,848 ",-0.273603492,-0.215088457
164,2013-09,AUT,1991400,2046579.157," $40,257,287,124 "," $40,962,381,828 ",0.084775234,0.106434916
164,2013-09,CRC,4638948,4761972.09," $25,058,203,896 "," $25,728,161,386 ",0.11523682,0.183218657
164,2013-09,MTG,583716,577329.2637," $119,230,469,112 "," $119,345,731,286 ",-0.327354942,-0.352398338
164,2013-09,STU,2920536,1247558.049," $19,119,190,784 "," $9,783,897,381 ",-0.178243429,-0.147296655
165,2013-10,AUT,1961100,2046736.171," $39,452,050,260 "," $41,092,285,530 ",0.067872032,0.08756297
165,2013-10,CRC,4946112,4844909.364," $27,086,213,544 "," $26,378,971,443 ",0.119775706,0.160222619
165,2013-10,MTG,555504,511376.8209," $115,210,446,408 "," $106,934,062,595 ",-0.450527015,-0.46250304
165,2013-10,STU,1339800,1235176.583," $9,112,023,116 "," $9,138,974,762 ",-0.234487487,-0.238973251
166,2013-11,AUT,1889076,2058507.94," $38,596,492,224 "," $41,589,028,300 ",0.05529784,0.084209691
166,2013-11,CRC,5437896,4932439.062," $28,807,591,632 "," $27,139,621,660 ",0.122017045,0.186690288
166,2013-11,MTG,488376,503614.8938," $100,663,997,856 "," $103,282,524,115 ",-0.487030175,-0.508385512
166,2013-11,STU,746208,1239408.238," $6,364,620,288 "," $9,987,591,165 ",-0.181811005,-0.068903182
167,2013-12,AUT,1906488,2055248.527," $39,735,251,292 "," $41,403,221,154 ",0.049560024,0.068041447
167,2013-12,CRC,5377824,5051446.247," $29,069,104,584 "," $28,449,829,002 ",0.140951353,0.257752951
167,2013-12,MTG,492408,490320.9356," $106,046,900,952 "," $102,528,401,500 ",-0.48785602,-0.498120435
167,2013-12,STU,547512,1191954.796," $5,317,704,360 "," $9,175,584,252 ",-0.14433067,-0.109108746
168,2014-01,AUT,1809468,2047959.103," $36,734,890,512 "," $41,982,696,688 ",0.040972289,0.076136876
168,2014-01,CRC,4523040,4982186.808," $27,224,636,736 "," $28,459,576,568 ",0.145298418,0.249758727
168,2014-01,MTG,384576,452960.1833," $80,103,742,536 "," $94,142,743,663 ",-0.578781347,-0.592807814
168,2014-01,STU,1131432,1194543.924," $7,739,752,512 "," $9,169,628,790 ",-0.166937621,-0.141943018
169,2014-02,AUT,1972644,2112546.539," $39,115,214,424 "," $43,007,594,931 ",0.055820317,0.084242641
169,2014-02,CRC,4209600,4971290.029," $24,718,184,800 "," $28,097,020,098 ",0.127118971,0.184481242
169,2014-02,MTG,359208,449217.7265," $73,926,369,840 "," $93,330,400,771 ",-0.570752552,-0.584695148
169,2014-02,STU,800832,1198844.323," $6,001,349,616 "," $9,619,390,463 ",-0.15391247,-0.087178316
170,2014-03,AUT,2355864,2173094.478," $47,838,004,176 "," $44,805,458,120 ",0.084729842,0.123439466
170,2014-03,CRC,4888728,4996365.18," $27,695,103,648 "," $27,521,189,943 ",0.12979212,0.171413058
170,2014-03,MTG,448584,471401.114," $94,593,960,936 "," $100,130,709,009 ",-0.503585467,-0.503487688
170,2014-03,STU,629688,1195988.363," $6,079,652,376 "," $10,117,782,628 ",-0.095463008,0.105297682
171,2014-04,AUT,2200548,2155381.642," $44,747,528,232 "," $44,206,283,894 ",0.045454545,0.079622386
171,2014-04,CRC,5152440,5138104.406," $28,817,414,088 "," $28,438,139,450 ",0.177724261,0.224377795
171,2014-04,MTG,484632,479193.163," $102,858,765,312 "," $103,275,116,188 ",-0.47216123,-0.465067272
171,2014-04,STU,615072,1176990.644," $6,271,464,168 "," $10,554,843,486 ",-0.108063899,0.217715791
172,2014-05,AUT,2338500,2156711.773," $48,470,084,352 "," $44,445,266,217 ",0.05123613,0.087498166
172,2014-05,CRC,5208456,5116290.858," $28,682,399,712 "," $28,190,983,147 ",0.166906838,0.23390461
172,2014-05,MTG,518712,494612.4425," $111,187,869,456 "," $106,066,907,912 ",-0.456235691,-0.459907834
172,2014-05,STU,806208,1127967.316," $6,797,201,460 "," $9,068,810,562 ",-0.133422763,-0.02329657
173,2014-06,AUT,2167572,2135088.72," $44,491,688,400 "," $43,848,438,116 ",0.033979221,0.062635377
173,2014-06,CRC,4866768,4854060.655," $27,565,640,760 "," $27,759,796,959 ",0.120794575,0.209938179
173,2014-06,MTG,564240,512660.0028," $126,466,164,576 "," $113,628,106,430 ",-0.36490356,-0.342049743
173,2014-06,STU,777816,1136597.346," $7,132,189,908 "," $9,519,271,174 ",-0.078635394,0.136542922
174,2014-07,AUT,2317812,2162210.034," $47,913,544,728 "," $44,798,873,415 ",0.035634433,0.076957752
174,2014-07,CRC,5643432,5366199.006," $30,807,991,896 "," $29,799,265,196 ",0.21418023,0.249873057
174,2014-07,MTG,579552,523509.248," $130,204,831,632 "," $116,469,827,545 ",-0.321590111,-0.288715297
174,2014-07,STU,815880,1130081.384," $9,123,697,264 "," $9,993,183,059 ",0.006305133,0.176942219
175,2014-08,AUT,2367972,2182661.602," $48,956,048,736 "," $45,133,503,030 ",0.030373759,0.071134619
175,2014-08,CRC,5161992,5007259.982," $28,645,178,712 "," $28,252,446,249 ",0.081411426,0.107224746
175,2014-08,MTG,556632,521496.9546," $122,876,383,968 "," $115,540,304,014 ",-0.259269905,-0.224941321
175,2014-08,STU,2993376,1151660.394," $27,608,385,872 "," $10,331,714,476 ",-0.088188205,0.010130658
176,2014-09,AUT,2177904,2190557.743," $44,936,459,376 "," $44,771,339,387 ",0.093654715,0.116231683
176,2014-09,CRC,4834560,4941847.08," $27,262,322,392 "," $27,679,819,822 ",0.042167319,0.087959955
176,2014-09,MTG,541536,518611.0496," $119,292,723,456 "," $115,377,738,473 ",-0.072261168,0.000522135
176,2014-09,STU,2803896,1139562.14," $20,635,647,892 "," $10,412,609,450 ",-0.039937874,0.079315967
177,2014-10,AUT,2082204,2162061.561," $43,048,186,608 "," $44,532,890,663 ",0.061753098,0.091152078
177,2014-10,CRC,5002920,4936413.617," $27,892,222,152 "," $27,428,967,592 ",0.011485385,0.029757153
177,2014-10,MTG,563256,523059.6888," $126,475,939,320 "," $118,788,454,873 ",0.013954895,0.09778187
177,2014-10,STU,1159200,1079704.333," $10,018,298,584 "," $10,300,121,189 ",-0.134796238,0.099459303
178,2014-11,AUT,1950744,2167208.144," $40,844,340,972 "," $44,767,279,808 ",0.032644531,0.058239716
178,2014-11,CRC,5407848,5007056.383," $29,432,320,872 "," $28,312,149,941 ",-0.005525667,0.021686271
178,2014-11,MTG,499944,542221.4716," $116,569,418,904 "," $126,571,413,874 ",0.023686668,0.15800506
178,2014-11,STU,668472,1166173.198," $6,660,670,440 "," $10,699,410,769 ",-0.104174707,0.046514975
179,2014-12,AUT,2057604,2174404.73," $44,072,976,504 "," $45,090,011,371 ",0.079264071,0.109165667
179,2014-12,CRC,5475984,5134799.741," $29,306,017,488 "," $28,698,653,767 ",0.018252736,0.00814999
179,2014-12,MTG,576288,560795.1182," $135,507,485,880 "," $127,759,880,122 ",0.170346542,0.277807127
179,2014-12,STU,558312,1156587.866," $8,480,382,708 "," $13,655,083,759 ",0.019725595,0.59474505
180,2015-01,AUT,1927176,2166348.3," $40,295,928,804 "," $45,644,213,203 ",0.065051164,0.096938857
180,2015-01,CRC,4736220,5256349.751," $27,843,254,448 "," $29,275,685,060 ",0.047132017,0.022722717
180,2015-01,MTG,455304,573711.9708," $106,997,148,648 "," $135,443,234,308 ",0.183911633,0.335732205
180,2015-01,STU,1014504,1102836.236," $9,204,575,016 "," $11,207,359,826 ",-0.103345141,0.189259605
181,2015-02,AUT,2028912,2180629.484," $41,475,489,504 "," $45,708,151,647 ",0.028524153,0.060341612
181,2015-02,CRC,4438776,5230282.954," $25,244,679,648 "," $28,718,608,194 ",0.054441277,0.021299899
181,2015-02,MTG,564984,723501.541," $139,061,791,848 "," $180,306,289,623 ",0.572860293,0.881085087
181,2015-02,STU,733872,1099647.188," $7,072,591,488 "," $11,193,361,704 ",-0.083613042,0.178500161
182,2015-03,AUT,2434416,2253915.298," $51,138,248,784 "," $48,161,065,487 ",0.033343181,0.068987924
182,2015-03,CRC,5300208,5351279.944," $31,530,925,800 "," $30,866,629,014 ",0.084169134,0.138501816
182,2015-03,MTG,750504,761873.084," $183,732,125,904 "," $186,738,785,713 ",0.673051201,0.942324056
182,2015-03,STU,594864,1094661.082," $7,222,390,368 "," $11,320,968,521 ",-0.055303579,0.187961074
183,2015-04,AUT,2267844,2219200.626," $47,613,357,840 "," $47,083,645,404 ",0.030581473,0.064044423
183,2015-04,CRC,5472600,5452285.071," $31,828,043,136 "," $31,416,840,163 ",0.06213755,0.104472561
183,2015-04,MTG,715896,701777.3576," $170,275,881,756 "," $169,471,294,211 ",0.477195068,0.655433849
183,2015-04,STU,540696,1056224.631," $6,741,602,736 "," $11,143,080,514 ",-0.120922429,0.074964722
184,2015-05,AUT,2389656,2248374.393," $50,945,200,152 "," $47,633,358,373 ",0.021875561,0.051064813
184,2015-05,CRC,5383920,5297366.774," $31,191,297,992 "," $31,025,701,759 ",0.033688295,0.087471701
184,2015-05,MTG,710760,685557.1572," $174,354,364,896 "," $168,573,248,072 ",0.370240133,0.568105997
184,2015-05,STU,736464,1072678.472," $7,656,186,528 "," $10,480,528,186 ",-0.086508693,0.126373342
185,2015-06,AUT,2367168,2297457.409," $50,235,465,972 "," $48,890,955,694 ",0.092082754,0.129097766
185,2015-06,CRC,5529288,5402884.758," $32,106,339,696 "," $31,364,668,969 ",0.136131412,0.164723141
185,2015-06,MTG,769848,665205.8552," $185,726,552,952 "," $158,148,791,521 ",0.364398128,0.468586903
185,2015-06,STU,731256,1052602.112," $8,486,306,940 "," $10,715,661,371 ",-0.059859915,0.189859924
186,2015-07,AUT,2449188,2284235.594," $51,982,599,288 "," $48,613,951,915 ",0.056681042,0.084924933
186,2015-07,CRC,5780040,5423951.117," $32,844,999,960 "," $31,369,057,732 ",0.024206547,0.066119469
186,2015-07,MTG,714072,642336.5643," $169,472,824,008 "," $150,839,105,550 ",0.23211032,0.301586292
186,2015-07,STU,747384,1050469.843," $9,953,388,880 "," $10,739,465,226 ",-0.083953523,0.090938091
187,2015-08,AUT,2476512,2279059.707," $52,585,779,528 "," $48,546,437,312 ",0.045836691,0.074142642
187,2015-08,CRC,5654064,5494148.68," $32,675,431,608 "," $32,260,583,576 ",0.09532599,0.14069568
187,2015-08,MTG,660264,615099.3241," $153,842,342,736 "," $143,652,817,028 ",0.186176864,0.252009034
187,2015-08,STU,2705208,1027943.955," $26,100,589,116 "," $9,915,900,947 ",-0.096268561,-0.054613724
188,2015-09,AUT,2270508,2295726.109," $49,085,974,248 "," $49,103,608,859 ",0.04251978,0.09234183
188,2015-09,CRC,5456832,5626984.116," $31,992,294,576 "," $32,668,519,282 ",0.128713264,0.173498505
188,2015-09,MTG,645384,615389.5484," $150,107,587,200 "," $144,315,290,755 ",0.191765644,0.258313021
188,2015-09,STU,2593128,1049887.297," $20,396,542,608 "," $10,489,374,036 ",-0.075169692,-0.011587002
189,2015-10,AUT,2190864,2261716.42," $47,153,763,072 "," $48,378,318,415 ",0.052185088,0.095371647
189,2015-10,CRC,6035784,6072416.633," $35,298,609,456 "," $35,526,150,919 ",0.206452232,0.265535936
189,2015-10,MTG,619728,594250.3938," $143,054,735,016 "," $138,826,931,932 ",0.100259917,0.131082606
189,2015-10,STU,1082280,1053219.885," $10,100,203,812 "," $10,950,777,726 ",-0.066356108,0.008175563
190,2015-11,AUT,2044152,2251659.856," $44,331,438,156 "," $48,160,897,437 ",0.047883269,0.085375283
190,2015-11,CRC,6278088,5801869.942," $34,969,893,816 "," $33,364,409,222 ",0.160921683,0.188145983
190,2015-11,MTG,507504,535713.1057," $121,394,348,664 "," $128,191,780,935 ",0.015121694,0.041391042
190,2015-11,STU,586632,1000270.363," $6,591,013,800 "," $10,155,739,964 ",-0.122428464,-0.010457902
191,2015-12,AUT,2134416,2246336.384," $47,096,618,736 "," $47,952,084,921 ",0.037330798,0.068605356
191,2015-12,CRC,5892264,5586529.421," $33,311,692,752 "," $33,147,285,052 ",0.076019214,0.136684395
191,2015-12,MTG,603936,588390.635," $145,568,986,416 "," $137,706,589,495 ",0.047976012,0.074250514
191,2015-12,STU,502488,1035249.531," $7,993,811,796 "," $12,492,971,121 ",-0.099987104,-0.057376056
192,2016-01,AUT,1958832,2248738.091," $41,705,902,620 "," $48,062,064,683 ",0.016426107,0.034990478
192,2016-01,CRC,5105712,5704224.816," $31,494,828,600 "," $33,413,437,046 ",0.078014113,0.131147534
192,2016-01,MTG,460104,615193.8968," $108,442,782,768 "," $146,186,355,585 ",0.010542407,0.013510959
192,2016-01,STU,924456,1031811.132," $8,683,962,384 "," $10,865,666,510 ",-0.088760616,-0.056560203
193,2016-02,AUT,2245728,2280006.165," $46,613,642,268 "," $48,826,087,691 ",0.106863186,0.123884078
193,2016-02,CRC,5195376,5883703.149," $31,179,724,008 "," $34,123,356,545 ",0.170452395,0.235100799
193,2016-02,MTG,503736,632416.9078," $120,028,548,840 "," $152,737,723,265 ",-0.10840661,-0.136868961
193,2016-02,STU,700488,1011728.213," $7,104,544,632 "," $10,668,241,261 ",-0.045490222,0.004517883
194,2016-03,AUT,2447364,2234320.07," $52,015,423,812 "," $48,427,819,507 ",0.005318729,0.017153013
194,2016-03,CRC,5849688,5820231.53," $35,866,683,816 "," $34,510,619,234 ",0.103671403,0.13750811
194,2016-03,MTG,687576,681647.4346," $172,214,838,288 "," $170,640,001,297 ",-0.083847654,-0.062685214
194,2016-03,STU,558768,999335.3125," $7,191,942,360 "," $10,733,805,548 ",-0.060679416,-0.00421578
195,2016-04,AUT,2295624,2251794.543," $49,256,372,616 "," $48,701,610,499 ",0.01224952,0.034507433
195,2016-04,CRC,5826912,5877200.867," $34,064,171,232 "," $34,127,563,451 ",0.064742901,0.070256537
195,2016-04,MTG,696888,708095.8049," $172,312,415,880 "," $178,538,706,468 ",-0.026551343,0.011960203
195,2016-04,STU,480816,986110.4995," $6,069,327,552 "," $10,228,812,281 ",-0.110746149,-0.09972038
196,2016-05,AUT,2403336,2258811.028," $52,328,991,456 "," $49,146,908,505 ",0.005724673,0.027162349
196,2016-05,CRC,6392520,6170739.012," $36,159,811,416 "," $35,401,378,376 ",0.187335622,0.159291653
196,2016-05,MTG,755304,694673.1948," $187,384,193,880 "," $172,509,009,739 ",0.062670944,0.074731877
196,2016-05,STU,699936,971416.8624," $8,309,015,640 "," $10,908,154,546 ",-0.049599166,0.085268183
197,2016-06,AUT,2317344,2252695.519," $50,268,950,160 "," $49,066,136,122 ",-0.021047936,0.000666545
197,2016-06,CRC,6130296,5948882.194," $37,788,025,248 "," $36,387,627,712 ",0.108695369,0.1769646
197,2016-06,MTG,812928,693986.6137," $205,450,309,608 "," $173,039,990,841 ",0.055959098,0.106197829
197,2016-06,STU,656544,966203.5725," $8,545,792,960 "," $10,604,008,954 ",-0.102169418,0.007009647
198,2016-07,AUT,2382792,2257857.861," $52,083,406,476 "," $49,318,608,694 ",-0.027109393,0.001939249
198,2016-07,CRC,6792528,6445188.645," $38,586,118,080 "," $37,521,508,150 ",0.175169722,0.17479428
198,2016-07,MTG,740700,710629.9532," $187,110,659,424 "," $178,200,764,981 ",0.037290357,0.104074712
198,2016-07,STU,627624,961680.7683," $9,300,520,716 "," $10,518,368,460 ",-0.160238913,-0.065592551
199,2016-08,AUT,2498940,2271573.794," $54,660,283,284 "," $50,154,919,805 ",0.009056286,0.0394499
199,2016-08,CRC,6104736,5796383.07," $36,830,430,192 "," $35,394,950,259 ",0.079707623,0.127159715
199,2016-08,MTG,884004,769709.1717," $224,755,928,904 "," $194,882,390,293 ",0.338864454,0.460949729
199,2016-08,STU,2812008,973235.9886," $28,334,431,044 "," $10,175,626,868 ",0.039479404,0.085585882
200,2016-09,AUT,2252928,2252786.635," $50,242,462,620 "," $49,671,906,222 ",-0.007742761,0.023560465
200,2016-09,CRC,5503212,5720293.039," $34,594,694,760 "," $35,522,580,662 ",0.008499437,0.081344593
200,2016-09,MTG,833304,786192.0838," $213,039,629,928 "," $202,289,895,752 ",0.291175486,0.419246248
200,2016-09,STU,2390568,970995.3479," $19,769,013,864 "," $10,352,091,967 ",-0.078114154,-0.030766427
201,2016-10,AUT,2159352,2267119.615," $47,765,391,960 "," $49,663,585,482 ",-0.014383367,0.012970945
201,2016-10,CRC,5266104,5389011.933," $32,423,792,280 "," $33,244,154,664 ",-0.127519474,-0.081442788
201,2016-10,MTG,805440,792564.5139," $203,698,159,440 "," $202,126,386,292 ",0.299666951,0.423917631
201,2016-10,STU,933792,948291.6617," $9,528,742,608 "," $10,830,815,570 ",-0.137199246,-0.056579175
202,2016-11,AUT,2085816,2271911.647," $46,144,596,048 "," $49,602,072,678 ",0.020382046,0.040900047
202,2016-11,CRC,5945208,5463593.221," $34,239,234,960 "," $32,366,101,948 ",-0.053022513,-0.02089394
202,2016-11,MTG,759720,772529.8374," $192,297,516,048 "," $194,987,082,562 ",0.496973423,0.584073049
202,2016-11,STU,591312,981803.8412," $7,797,523,608 "," $11,529,740,973 ",0.007977744,0.183053752
203,2016-12,AUT,2232672,2321985.6," $50,603,519,688 "," $50,764,156,124 ",0.046034138,0.074461841
203,2016-12,CRC,5711832,5539716.564," $32,555,777,592 "," $33,354,008,170 ",-0.030621846,-0.022692187
203,2016-12,MTG,753444,757037.5868," $190,091,980,080 "," $186,725,525,500 ",0.247556032,0.30585494
203,2016-12,STU,450096,966538.748," $7,619,594,856 "," $12,066,871,548 ",-0.104265176,-0.046813329
204,2017-01,AUT,1989024,2278747.878," $42,961,471,956 "," $49,536,499,230 ",0.015413267,0.030105315
204,2017-01,CRC,5226648,5763150.956," $37,041,532,128 "," $38,577,978,060 ",0.023686412,0.176114739
204,2017-01,MTG,510204,673061.9842," $124,282,806,120 "," $165,022,039,798 ",0.108888425,0.146068027
204,2017-01,STU,926664,986625.8806," $9,851,223,000 "," $11,866,072,698 ",0.002388432,0.134415669
205,2017-02,AUT,2067216,2237854.678," $44,192,931,012 "," $48,958,111,366 ",-0.079489591,-0.05193139
205,2017-02,CRC,4707504,5521041.922," $29,704,054,368 "," $33,742,892,201 ",-0.093905042,-0.047327861
205,2017-02,MTG,477492,639262.386," $114,622,176,480 "," $155,703,590,850 ",-0.052098718,-0.045042387
205,2017-02,STU,641712,979682.6053," $7,696,055,880 "," $12,100,957,850 ",-0.083907219,0.083258151
206,2017-03,AUT,2445888,2224630.162," $52,493,263,860 "," $48,592,026,916 ",-0.000603098,0.009186507
206,2017-03,CRC,5976624,5931748.008," $36,899,424,024 "," $35,480,301,845 ",0.021699619,0.028793858
206,2017-03,MTG,604176,605455.8609," $145,863,368,136 "," $146,371,105,419 ",-0.121295682,-0.153015097
206,2017-03,STU,529488,959010.98," $7,951,001,136 "," $11,808,047,811 ",-0.052400996,0.105542945
207,2017-04,AUT,2175696,2180494.454," $47,293,927,764 "," $47,755,118,732 ",-0.052242005,-0.039841441
207,2017-04,CRC,5294784,5418543.44," $32,440,021,896 "," $33,041,803,947 ",-0.091322471,-0.047679109
207,2017-04,MTG,568836,603542.4672," $137,318,424,648 "," $149,295,357,133 ",-0.183748321,-0.20308456
207,2017-04,STU,441024,942080.3872," $6,704,346,432 "," $11,610,044,738 ",-0.082759309,0.104627551
208,2017-05,AUT,2397912,2222472.765," $52,326,512,952 "," $48,665,136,693 ",-0.002256863,-4.73639E-05
208,2017-05,CRC,5563320,5274572.738," $33,151,304,064 "," $31,874,444,033 ",-0.129714103,-0.083200305
208,2017-05,MTG,681312,602100.2205," $169,074,340,320 "," $149,756,530,754 ",-0.097963204,-0.097712903
208,2017-05,STU,720384,950540.2963," $9,373,210,680 "," $11,794,135,270 ",0.0292141,0.12807715
209,2017-06,AUT,2288784,2216093.27," $50,241,208,872 "," $48,836,704,588 ",-0.012324454,-0.000551857
209,2017-06,CRC,5713968,5517502.255," $34,845,124,128 "," $33,209,471,905 ",-0.067913197,-0.077879199
209,2017-06,MTG,720840,611852.2005," $184,180,649,616 "," $154,551,698,685 ",-0.113279405,-0.103527028
209,2017-06,STU,632064,942768.7722," $9,538,217,964 "," $11,682,310,340 ",-0.037286153,0.116130242
210,2017-07,AUT,2300640,2171535.551," $50,619,219,708 "," $47,840,185,002 ",-0.034477202,-0.028112346
210,2017-07,CRC,6241776,5864844.442," $36,172,069,440 "," $34,901,375,976 ",-0.081082036,-0.06256262
210,2017-07,MTG,646440,620493.0082," $163,721,542,632 "," $155,569,901,432 ",-0.127257999,-0.12500152
210,2017-07,STU,619440,952182.0159," $9,514,696,500 "," $10,525,887,672 ",-0.013039654,0.023028365
211,2017-08,AUT,2347872,2122397.742," $51,279,050,708 "," $46,845,019,854 ",-0.060452832,-0.061859039
211,2017-08,CRC,5893608,5596019.609," $34,108,724,208 "," $32,888,281,281 ",-0.034584297,-0.073898295
211,2017-08,MTG,704616,612229.4703," $179,928,710,148 "," $155,389,378,831 ",-0.202926684,-0.199448437
211,2017-08,STU,2799492,959385.529," $29,043,126,528 "," $10,489,238,630 ",-0.004450912,0.025011813
212,2017-09,AUT,2178115.121,2186840.979," $49,024,368,012 "," $48,444,745,754 ",-0.033206955,-0.024244325
212,2017-09,CRC,4920605.034,5205558.463," $30,558,646,815 "," $31,944,246,920 ",-0.105866713,-0.116666673
212,2017-09,MTG,640531.0584,618809.0379," $160,563,357,249 "," $156,136,210,852 ",-0.231335673,-0.246321648
212,2017-09,STU,2196580.129,932365.5399," $18,938,431,670 "," $10,406,265,096 ",-0.081147188,-0.042014346
213,2017-10,AUT,2116124.509,2220956.321," $47,378,530,596 "," $49,293,047,865 ",-0.020018733,-0.008099198
213,2017-10,CRC,5385121.794,5466384.338," $33,118,616,888 "," $33,539,612,142 ",0.02260073,0.021429468
213,2017-10,MTG,659708.3838,621369.1409," $168,574,243,717 "," $158,810,487,990 ",-0.180934168,-0.172431188
213,2017-10,STU,970032.0652,943177.7399," $9,406,322,588 "," $10,436,804,045 ",0.038809569,-0.012847447
214,2017-11,AUT,2084977.584,2255772.824," $47,158,278,472 "," $50,343,164,882 ",-0.00040196,0.021967522
214,2017-11,CRC,5932877.642,5481334.613," $35,525,087,607 "," $33,731,499,267 ",-0.002073999,0.037554947
214,2017-11,MTG,616647.3367,623643.813," $156,600,194,316 "," $157,633,782,207 ",-0.188322887,-0.185635896
214,2017-11,STU,527606.9263,885539.8454," $7,511,449,215 "," $11,101,596,255 ",-0.107735127,-0.036687852
215,2017-12,AUT,2107105.921,2236004.854," $49,350,288,393 "," $50,105,161,592 ",-0.056240271,-0.024765694
215,2017-12,CRC,5496942.806,5429704.024," $31,185,258,309 "," $32,713,709,619 ",-0.037621764,-0.042097575
215,2017-12,MTG,614859.4296,635625.3553," $160,193,242,401 "," $163,015,398,556 ",-0.183934799,-0.157285634
215,2017-12,STU,407019.6667,913430.2752," $6,752,345,903 "," $10,926,173,473 ",-0.095704768,-0.11381825
216,2018-01,AUT,1957661.21,2215422.945," $43,506,460,203 "," $49,553,026,652 ",-0.015767929,0.012685512
216,2018-01,CRC,4996386.517,5437937.809," $33,468,245,706 "," $34,287,145,774 ",-0.044055288,-0.096467025
216,2018-01,MTG,489368.7008,630594.6969," $124,552,365,911 "," $161,077,467,787 ",-0.040837193,0.002168923
216,2018-01,STU,877882.7664,898226.4564," $9,485,552,955 "," $11,033,935,714 ",-0.05264177,-0.037119254
217,2018-02,AUT,2037710.048,2213798.228," $44,600,727,769 "," $49,515,370,410 ",-0.01427328,0.009227647
217,2018-02,CRC,4708626.07,5511169.396," $29,657,126,276 "," $33,589,096,389 ",0.000238358,-0.001579855
217,2018-02,MTG,472343.294,639531.1479," $120,288,148,981 "," $165,163,255,394 ",-0.010782811,0.04943173
217,2018-02,STU,573324.3356,883711.0478," $7,118,458,013 "," $11,196,145,661 ",-0.106570649,-0.075051153
218,2018-03,AUT,2491103.095,2264063.91," $54,904,359,727 "," $50,735,714,130 ",0.018486167,0.045931529
218,2018-03,CRC,5419881.362,5424027.57," $33,553,810,326 "," $32,683,838,887 ",-0.093153365,-0.090668453
218,2018-03,MTG,581800.9222,610927.2449," $148,308,232,337 "," $156,915,635,090 ",-0.037034039,0.016761331
218,2018-03,STU,467468.8721,887691.9145," $7,591,651,677 "," $11,684,453,434 ",-0.117130375,-0.045195498
219,2018-04,AUT,2275107.338,2274036.718," $50,274,226,627 "," $50,756,962,141 ",0.045691741,0.063016523
219,2018-04,CRC,5304618.361,5381631.468," $32,902,334,338 "," $33,088,986,709 ",0.001857368,0.014251299
219,2018-04,MTG,619138.9751,642278.2331," $158,372,174,782 "," $168,319,181,738 ",0.08843142,0.15332065
219,2018-04,STU,449614.3575,915669.4787," $7,507,679,053 "," $12,551,704,409 ",0.019478209,0.11982266
220,2018-05,AUT,2449645.611,2275762.005," $54,099,671,157 "," $50,571,339,162 ",0.021574441,0.03388642
220,2018-05,CRC,5686730.605,5378574.6," $35,071,162,797 "," $33,673,198,773 ",0.022182906,0.057912012
220,2018-05,MTG,807737.6473,712381.0741," $210,701,416,450 "," $186,815,740,628 ",0.185562044,0.246205758
220,2018-05,STU,683960.3352,895272.8733," $9,159,565,438 "," $11,471,262,685 ",-0.050561457,-0.022793176
221,2018-06,AUT,2337150.214,2275472.472," $51,586,179,288 "," $50,279,174,133 ",0.021131839,0.026770264
221,2018-06,CRC,5448967.688,5310529.42," $33,764,045,767 "," $32,479,790,778 ",-0.046377633,-0.031025241
221,2018-06,MTG,813034.315,710801.0242," $214,846,752,979 "," $186,331,437,741 ",0.127898445,0.166500137
221,2018-06,STU,559048.4093,873276.3982," $9,619,160,445 "," $12,092,972,395 ",-0.1155193,0.008486122
222,2018-07,AUT,2469357.284,2342751.73," $54,631,325,024 "," $52,004,314,031 ",0.073334935,0.079260513
222,2018-07,CRC,5679202.246,5243158.262," $33,571,596,877 "," $31,796,128,952 ",-0.090130398,-0.071891728
222,2018-07,MTG,738388.1639,683863.6111," $200,728,523,741 "," $183,155,138,468 ",0.142237739,0.226036113
222,2018-07,STU,917007.275,1357791.381," $16,570,742,866 "," $17,476,726,818 ",0.48038111,0.741594476
