,month,date,number_AUT,number_AUT_unadj,number_CRC,number_CRC_unadj,number_MTG,number_MTG_unadj,number_STU,number_STU_unadj,volume_AUT,volume_AUT_unadj,volume_CRC,volume_CRC_unadj,volume_MTG,volume_MTG_unadj,volume_STU,volume_STU_unadj,number_yoy_AUT,volume_yoy_AUT,number_yoy_CRC,volume_yoy_CRC,number_yoy_MTG,volume_yoy_MTG,number_yoy_STU,volume_yoy_STU
0,60,2005-01,1820253.06077079,1594188.0,6535731.81100847,5710176.0,1281158.33416014,1017936.0,1331294.4217639,1082952.0,34150738535.4386,29603958888.0,37027553722.1245,32380299600.0,238627044782.588,196761502824.0,10436006479.0631,7449143496.0,,,,,,,,
1,61,2005-02,1829967.67093375,1695936.0,6624292.69164406,5624820.0,1280893.63258939,1095816.0,1372911.3800183998,915840.0,34185186713.0386,31239051912.0,37288658250.597,32214442548.0,248193268177.946,215667486132.0,10906331470.8665,6330406680.0,,,,,,,,
2,62,2005-03,1819837.1609540002,2002740.0,6633396.75185463,6635412.0,1282213.8596365,1416168.0,1357096.84460156,819960.0,34148989779.0683,37392213744.0,37883639371.768,38639133120.0,253514350079.29,280554378192.0,11476221369.5036,6825925392.0,,,,,,,,
3,63,2005-04,1798970.74805568,1878180.0,6395411.64758852,6116664.0,1223547.90327398,1263120.0,1385054.98643661,740772.0,33593090262.1498,34702728756.0,37396448704.1551,36958642080.0,243277319356.75198,245770203528.0,11767101974.2697,6440963640.0,,,,,,,,
4,64,2005-05,1796487.23871429,1925700.0,6356050.16690272,6251496.0,1235723.58752566,1348308.0,1379140.21613191,960204.0,33801179020.707,36109250724.0,37704156077.1738,37187500744.0,252902818745.38,269408141208.0,11881674795.8119,7859544784.0,,,,,,,,
5,65,2005-06,1899373.89310344,2043600.0,6552886.35369249,6659760.0,1318309.27796363,1496796.0,1507949.83445852,1182120.0,36635616700.8159,38981303220.0,37686326604.4544,38045363008.0,271526023214.714,305152263588.0,14253171804.1821,12166102992.0,,,,,,,,
6,66,2005-07,1975790.21189802,2132820.0,6305942.36448148,6381828.0,1471047.64145524,1470672.0,1488318.15310781,1179624.0,38269462116.1942,41618997400.0,36659536142.0959,37296224264.0,318457231360.989,305682507036.0,14675148237.5668,14712799848.0,,,,,,,,
7,67,2005-08,1857848.66891397,2057224.0,6861315.09072383,7518264.0,1488666.93965749,1623636.0,1454253.56338807,3677880.0,34377327777.8459,38321005264.0,40531685712.4884,45020342472.0,310072601515.61304,331522211520.0,11588970879.1399,31354665828.0,,,,,,,,
8,68,2005-09,1792443.84669413,1719348.0,7022255.95175349,7270428.0,1468923.71023249,1432776.0,1530866.00415042,3200124.0,32930701003.3961,31766543364.0,44701126045.1176,45755010732.0,301349593478.838,294623540424.0,12176278824.5229,23450482176.0,,,,,,,,
9,69,2005-10,1704914.98306276,1580084.0,6827133.867150799,6917112.0,1378904.82472088,1332420.0,1604114.67981964,1812348.0,31362364696.0323,29226347436.0,37268900866.1078,38522680960.0,284143914105.285,275135069556.0,14617084771.9987,15126007708.0,,,,,,,,
10,70,2005-11,1778727.89393396,1550980.0,6821990.92529812,7565700.0,1289618.14995926,1224900.0,1573527.64203153,1254384.0,32997639198.8512,28770087232.0,37714000817.2777,39731857836.0,264414682053.93103,254750693304.0,14986106611.7093,11850822540.0,,,,,,,,
11,71,2005-12,1787169.99155323,1654312.0,6446201.11176297,6728052.0,1195978.83279375,1175568.0,1549077.54103822,902640.0,33184300446.4943,31479450320.0,33993055392.9074,34163555160.0,234058926419.832,242707629624.0,14994225514.5982,9132819876.0,,,,,,,,
12,72,2006-01,1842070.89243517,1614132.0,6805452.62699962,6014184.0,1149122.9173881,946500.0,1462226.97075579,1257996.0,34515095986.7227,29874527172.0,36836398936.0573,32633397704.0,226194698125.994,194641074240.0,12452426248.533,9402187248.0,0.0125104441885149,0.00913959801875275,0.0532396899850371,0.00781642255095139,-0.0701772999481304,-0.0107766435688219,0.16163597278549696,0.26218366622266503
13,73,2006-02,1790350.32859357,1659600.0,7820691.11308777,6619776.0,1131722.6571943,969804.0,1500324.80542999,1009872.0,33376363374.6447,30479797680.0,44403797870.64,38256023872.0,228057706015.943,198581615196.0,13600698271.7326,8017160872.0,-0.0214253368051625,-0.0243046502864046,0.176886727041932,0.18754263138336,-0.11499375807617301,-0.07922321181757801,0.102672955974843,0.266452737914778
14,74,2006-03,1808309.83863525,1999176.0,6975971.94568981,6963900.0,1130726.53431339,1248036.0,1518532.91386467,929520.0,33703022526.2649,37158735144.0,36110842188.7418,36806339056.0,236420426412.029,260847131280.0,14276963440.036001,8473513744.0,-0.0017795620000599101,-0.00624404325452554,0.049505290703878005,-0.0474336227551474,-0.11872320233192699,-0.0702439471413744,0.133616273964584,0.241372159433646
15,75,2006-04,1829811.41263312,1866060.0,6804334.56093345,6445944.0,1112532.59629735,1112772.0,1507239.42688441,779904.0,34327789603.047,34612173096.0,36073835032.8356,35169471400.0,239652474939.135,233698999776.0,15337133708.5621,8062519364.0,-0.0064530556176724,-0.00260946799419459,0.0538332659763558,-0.0484100762178219,-0.119029070872126,-0.0491158146053484,0.0528259707440346,0.251756695835035
16,76,2006-05,1819728.23309106,1981158.0,6865394.60932195,6855348.0,1120746.50474838,1265868.0,1692525.76486693,1218984.0,34267584317.2756,37144457106.0,36960477638.8827,37105355900.0,236097578760.155,261847965612.0,18503557379.6228,12605281536.0,0.028798878329958,0.0286687306228692,0.0965931994517792,-0.00220893693731905,-0.061143299602167994,-0.0280621645734271,0.269505230138596,0.603818272231376
17,77,2006-06,1842119.19998208,1997424.0,6911460.12719224,7019592.0,1133188.46271598,1285860.0,1916549.77342308,1468416.0,35523413611.2584,38145229488.0,36965228846.1347,37387798188.0,241004603476.04398,269956255404.0,19814614978.5905,16681941012.0,-0.0225954198473283,-0.0214480703038947,0.0540307758838157,-0.0172837047148618,-0.14092501583382097,-0.115339167962128,0.24218861029337102,0.371181965414024
18,78,2006-07,1916870.32855035,2075236.0,7021021.11794932,7108008.0,1121286.56437538,1115424.0,1887131.18702309,1469148.0,36904898012.034,40190107244.0,37655024015.2986,38322866032.0,244873782073.757,233856736896.0,18160738443.9324,17716052388.0,-0.026998996633564996,-0.034332642429296005,0.11378871382932901,0.0275266944110202,-0.24155488103397602,-0.234968532666284,0.245437529246607,0.20412515435722797
19,79,2006-08,1892110.75116694,2085164.0,7136744.33993795,7806804.0,1167736.65163851,1262040.0,1610397.41836053,4090488.0,36089519445.5834,39836088768.0,38880391034.6562,43088556436.0,249403761099.077,264680261976.0,12060256083.3291,32830937760.0,0.0135814087333221,0.0395366325481894,0.0383785405779844,-0.0429091812706991,-0.22270755267806303,-0.20162133100384302,0.11218636823387401,0.0470830064047971
20,80,2006-09,1896998.70472124,1811532.0,7797353.07530326,7958712.0,1196228.24648203,1123452.0,1538090.40076025,3086544.0,36067224565.5051,34794555432.0,44470429865.1474,44737398876.0,253447936422.67398,237322395876.0,12181202142.5009,22781341884.0,0.0536156729178736,0.0953207918564898,0.0946689795978999,-0.0222404462313525,-0.21589138846546801,-0.194489362477745,-0.0354923746704815,-0.0285341805331756
21,81,2006-10,1863202.8397706002,1733868.0,7023955.091605701,7206492.0,1173376.08646137,1178988.0,1510444.91757273,1774128.0,35178875479.4217,32903951708.0,38624019301.8394,40515217808.0,250978098097.31302,253335626448.0,12770631001.5836,13795786272.0,0.0973264712508954,0.125831812546991,0.0418353786956174,0.0517237325737778,-0.11515287972261,-0.0792317865664268,-0.0210886650908104,-0.0879426654857818
22,82,2006-11,1864784.28033062,1655424.0,6923231.4398642,7707756.0,1150338.7340625,1104180.0,1542663.97440567,1214064.0,35083644865.9727,31179742884.0,38128898774.5091,40331844008.0,246063445215.113,240218610612.0,13716356792.6853,10694034048.0,0.0673406491379644,0.0837555907484291,0.0187763194416908,0.0151008838921287,-0.0985549840803331,-0.0570443302961241,-0.0321432671335093,-0.0976125064817652
23,83,2006-12,1863611.57794786,1688940.0,7398814.20917265,7639392.0,1167207.90724133,1118628.0,1564797.50396791,867240.0,35031471223.3407,32611077480.0,39835983211.6214,39407898568.0,253815607747.08398,255472276512.0,13068973660.7637,7621736400.0,0.0209319644661949,0.0359481232517278,0.135453768787756,0.153506957441604,-0.0484361602221224,0.052592689021662996,-0.0392182930071789,-0.16545639753291902
24,84,2007-01,1836649.56162645,1641468.0,7611125.91936301,6805104.0,1151864.09969888,990204.0,1540174.14488809,1417392.0,34653524299.137,30624119856.0,40217125081.0521,36116788376.0,247207733578.371,223663325064.0,12374139875.4632,9974908452.0,0.0169354179212109,0.0250913656200911,0.131509112458149,0.10674311953649301,0.0461743264659271,0.14910650764398498,0.126706285234611,0.0609136139169986
25,85,2007-02,1869238.36884665,1740192.0,8219786.35482518,6923124.0,1069877.4236768,914340.0,1459703.80917536,1005264.0,36022145632.5993,33156409860.0,44475171623.7442,38185498040.0,233585228234.404,202854502092.0,11724411765.3478,7053811032.0,0.0485610990600145,0.08781594314047299,0.045824511282557,-0.0018435222707924301,-0.0571909375502679,0.0215170316334805,-0.00456295451304722,-0.12016097161833302
26,86,2007-03,1859474.66370166,2061216.0,7459275.11520394,7331124.0,1007876.04631718,1069860.0,1537000.63547907,926328.0,35406410114.3185,39152875848.0,40735508292.798,40866084376.0,226095606502.577,238424124480.0,12821771967.65,7332761760.0,0.0310327855076291,0.0536654624080226,0.0527325205703701,0.110300166333391,-0.14276511254483,-0.0859622518751436,-0.00343403046733803,-0.134625613230138
27,87,2007-04,1844385.90501934,1894272.0,7553979.30100051,7266932.0,982238.986563183,1016976.0,1557285.06929182,851520.0,35368701748.9968,35844762840.0,40700482748.8868,40340186852.0,219863613290.27103,221947664688.0,12699727507.4692,6851396952.0,0.0151184849361756,0.0356114520917628,0.12736505312488,0.14702283674357403,-0.0860877160820006,-0.0502840624019085,0.0918266863613983,-0.15021637249118303
28,88,2007-05,1922885.56620609,2083080.0,7378265.5223979,7402200.0,953997.6134396759,1071204.0,1529517.10341542,1098000.0,36752336541.796,39536919684.0,38228950843.0275,38581890664.0,210870937269.11398,233401148556.0,11079830426.2102,7500035472.0,0.0514456696538086,0.0644096795161813,0.0797701298314835,0.0397930360236756,-0.15377906701172597,-0.10863867889717299,-0.0992498671024394,-0.40500849183095894
29,89,2007-06,1832190.23514961,1969800.0,7346849.12567209,7362996.0,914053.965573602,997428.0,1485676.19960963,1051560.0,34949471095.0477,37393433544.0,38507054167.2172,38476252096.0,202282623094.004,216599853816.0,11353675555.8885,8934074136.0,-0.013829812798885,-0.0197087802089775,0.0489207919776533,0.0291125436840876,-0.224310578134478,-0.19764832457077203,-0.283881406903766,-0.46444636570928105
30,90,2007-07,1856672.18796769,2004576.0,7328199.732671601,7517184.0,876503.642200363,892824.0,1548295.17750793,1216968.0,35524883770.0254,38452274772.0,38284750430.1738,39591773280.0,192897623632.276,188966780352.0,10782190549.2514,10316401656.0,-0.0340491394713661,-0.0432403044224133,0.057565495142943,0.0331109694911766,-0.199565367071177,-0.1919549427561,-0.171650507641163,-0.41768056279920296
31,91,2007-08,1875469.98089227,2064708.0,7204286.14991307,7856472.0,814030.6673216191,867396.0,1599885.45803942,4049220.0,35898830303.6715,39586977612.0,36699992298.8137,40386505812.0,170104756400.008,178678906536.0,11087133336.0696,30701044968.0,-0.00981025952874692,-0.00625340397875884,0.00636214256179612,-0.0627092399350484,-0.312703242369497,-0.32492545835472303,-0.0100887718042444,-0.0648745645820383
32,92,2007-09,1897361.35411286,1767312.0,7082781.48262546,7104180.0,726672.010231691,659340.0,1570502.87554578,3023664.0,36435811739.1103,34299513048.0,37838691345.4093,37286616096.0,146383755697.697,131805627720.0,11824764474.2924,21800323308.0,-0.0244102781513106,-0.0142275818113979,-0.107370639872381,-0.166544836472312,-0.41311244272118397,-0.444613614178799,-0.0203722998926955,-0.0430623701182852
33,93,2007-10,1899548.10927633,1801932.0,7356275.16902887,7643724.0,702970.16635162,740052.0,1401583.85954027,1734984.0,37458069355.1665,35770973160.0,38628585795.8077,41116841928.0,141939609118.887,150490790568.0,9571314220.80906,10767935160.0,0.0392555834700219,0.0871330433937798,0.0606719607820283,0.0148493369294243,-0.37229895469674,-0.405962782739956,-0.0220637969751901,-0.21947651640163102
34,94,2007-11,1836092.78687438,1650708.0,6841987.11057248,7661928.0,686146.875440089,673116.0,1438355.24331323,1119528.0,35166778754.3777,31798005408.0,37154179732.8726,39540618108.0,135377477442.32199,135351087648.0,10378375669.73,7837426224.0,-0.0028488169798190897,0.0198289808322076,-0.005945699370867421,-0.0196178954734392,-0.390392870727599,-0.43655036841996203,-0.0778673941406713,-0.267121631666606
35,95,2007-12,1822144.99631643,1661424.0,6994350.6598776,7235388.0,691727.4614955421,675672.0,1399354.49327934,762144.0,34890477723.3326,32732281512.0,38627970582.1927,38259136380.0,138122515776.102,141374326152.0,9903924967.61807,5627732784.0,-0.0162918753774557,0.00371665217361605,-0.0528843133066087,-0.0291505568615328,-0.395981505916176,-0.44661578124169,-0.121184447211845,-0.261620648019262
36,96,2008-01,1807206.67736239,1611720.0,6993588.94467826,6256788.0,703382.575007961,615900.0,1463519.6992078999,1384464.0,34018992575.5076,29962736736.0,37845851187.7779,33958197456.0,136330834017.70699,125872307232.0,10525732793.8843,8772616920.0,-0.0181228022721125,-0.0215968041893102,-0.0805742278148872,-0.059766967581049,-0.378006956142371,-0.437224197592599,-0.0232313996410308,-0.12053158560657598
37,97,2008-02,1734358.91573338,1736124.0,6694223.82284835,5829420.0,959196.854741267,849888.0,1477023.98524477,1107912.0,32866090266.2468,32414879160.0,35770657140.7452,31899517704.0,202424793296.198,182121415548.0,10629336010.8275,6786991632.0,-0.00233767308434929,-0.0223646258183877,-0.157978392413598,-0.164616952996536,-0.0704901896449899,-0.10220668671478099,0.10211049037864699,-0.0378262755820307
38,98,2008-03,1781491.52991658,1947168.0,6583261.45233399,6374400.0,812620.095111957,821808.0,1466782.93927676,869664.0,33606285822.0135,36637464600.0,35615572770.3074,35246945616.0,174136895035.295,173797579692.0,9466484414.061209,5232217176.0,-0.0553304457174794,-0.0642458872693126,-0.130501680233481,-0.137501276322427,-0.23185463518591198,-0.27105707079327496,-0.0611705572971992,-0.286460225048959
39,99,2008-04,1801385.75307107,1871424.0,6535324.95795744,6392772.0,767458.149066153,814644.0,1452687.96643445,842472.0,33707532632.5182,34531906404.0,34686633362.3162,34991128440.0,158985704447.53302,164421177024.0,9051460232.73843,5046196320.0,-0.0120616257855261,-0.0366261716351755,-0.120292855361795,-0.132598751503671,-0.198954547599943,-0.25918942533081896,-0.0106257046223225,-0.263479206451911
40,100,2008-05,1762231.3549981003,1932240.0,6497770.35421212,6476700.0,678064.535641326,723720.0,1440137.8272446,989376.0,32232893442.67,35378675316.0,34687709268.1114,34673200344.0,143194849470.871,151034550888.0,8893105749.02343,5827834104.0,-0.0724120052998445,-0.10517370602553,-0.125030396368647,-0.10130893672474,-0.32438639138763503,-0.352897139442473,-0.0989289617486339,-0.22295912789250896
41,101,2008-06,1704912.55413145,1793772.0,6396334.00883035,6385752.0,612394.64051369,661356.0,1345074.41827309,926688.0,31219521515.3916,32647611636.0,36315680249.1252,36310767768.0,126538285966.04901,133753698312.0,7363073154.291229,5569370064.0,-0.0893633871459031,-0.12691591699958998,-0.13272369019350302,-0.0562810619547096,-0.336938606094876,-0.382484817253742,-0.11874928677393598,-0.376614747178095
42,102,2008-07,1590894.58243202,1757712.0,6948861.87708613,7210236.0,570163.044776724,596604.0,1638242.40662949,1294704.0,29200017360.7429,32342082096.0,42998518416.5515,45035486592.0,114263986333.699,115382960928.0,9919153106.84357,9237322680.0,-0.123150232268569,-0.15890328237353799,-0.0408328437883122,0.13749607206277698,-0.33177871562592404,-0.38940082106987794,0.063876782298302,-0.104598387304202
43,103,2008-08,1547811.08391414,1684764.0,5862768.37217384,6221988.0,553501.866207776,544344.0,1799093.8949567,4137336.0,28636702826.4704,31446491376.0,31741212933.4806,33553179456.0,108917140147.19301,105507200352.0,11980984171.9043,31585770144.0,-0.18401827280177202,-0.205635457088605,-0.20804299945319002,-0.169198256165296,-0.372438886045128,-0.40951507708749896,0.0217612280883726,0.0288174287527398
44,104,2008-09,1526104.00381793,1444620.0,5610201.46750883,5707968.0,536952.56288012,525600.0,1869122.20727218,3920784.0,28229810748.3372,26921023908.0,30271722339.3093,30463148160.0,102283066216.899,99700520268.0,12477794883.504,25219088192.0,-0.182589152339825,-0.21511935547523,-0.196533871607983,-0.18300046103491802,-0.20283920283920298,-0.243579185558011,0.29669963329258797,0.156821751480421
45,105,2008-10,1329514.84318937,1244088.0,5144316.44017132,5363232.0,517250.559808686,555072.0,2113132.3081174,2688456.0,24125979624.3163,22682351448.0,27163643694.7541,28918284264.0,100894684707.37401,109182348600.0,13757170186.0228,15488480640.0,-0.30958104967335104,-0.365900632712895,-0.298348292010544,-0.296680316191622,-0.24995540853885898,-0.27449149421096697,0.549556652972016,0.438389107090426
46,106,2008-11,1342089.01667669,1117752.0,4931128.53522538,5425332.0,403955.829843091,381816.0,2083491.9581518997,1482048.0,24185619048.6114,20186855556.0,25041096573.2939,26074888440.0,75952602620.3175,73032127152.0,12160779626.594,8279725512.0,-0.322865097885271,-0.3651534020142899,-0.291910339016498,-0.34055435429006503,-0.43276344641933895,-0.460424526901989,0.323815036336742,0.0564342521841645
47,107,2008-12,1318219.22476684,1197468.0,4441400.468359599,4720812.0,495941.481010804,528696.0,2244867.10028914,1289316.0,23528015195.041,22097054376.0,21640160270.261,22161313440.0,95925261854.6313,107144108592.0,13387318175.9756,7900552836.0,-0.27925201513882103,-0.324915546510286,-0.34753851486609993,-0.420757614079735,-0.217525663339609,-0.242124708861191,0.6916960574379639,0.403860691193756
48,108,2009-01,1366252.08034749,1183992.0,4104165.92852827,3633336.0,837701.9694624159,721584.0,2240659.21425523,2075352.0,24511910988.8152,20872494628.0,20609123220.1342,18309209256.0,167416797870.322,151442723712.0,14210664760.7068,11737666656.0,-0.265386047204229,-0.303384907329848,-0.419296929990276,-0.4608309442889771,0.17159279103750597,0.203145688216156,0.49902922719550696,0.337989195588857
49,109,2009-02,1304197.3712817,1183932.0,3916167.0413822997,3273864.0,1006730.79017262,846840.0,2330321.26287473,1698336.0,23694289264.773,20916241752.0,19726586841.9336,16935660712.0,205435983322.888,175057337508.0,13741326123.6259,8466262320.0,-0.318060230720847,-0.354733310935471,-0.43838941095340506,-0.469093518304937,-0.0035863549079407898,-0.0387877395897913,0.53291597166562,0.247424894423385
50,110,2009-03,1193934.27979061,1365828.0,3826340.65565377,3742488.0,898112.0753128079,922416.0,2337958.26336678,1440288.0,21663986937.4227,24684294588.0,18875092036.1662,18975841752.0,188470902234.004,190436034432.0,13140125015.7935,7494466848.0,-0.298556673075975,-0.32625538209322497,-0.41288780120481894,-0.461631598983541,0.12242275568015899,0.0957346746110406,0.65614306214814,0.432369222435349
51,111,2009-04,1196497.59534176,1281156.0,3759422.18867527,3692292.0,924985.758140367,964728.0,2279588.10218742,1345800.0,21970064269.1532,23046626532.0,18365695155.468998,18554984388.0,197771791171.423,200421645312.0,13044488668.9014,7250579088.0,-0.315411152149379,-0.33259906758781205,-0.42242707858187295,-0.46972317798162394,0.18423262185690897,0.218952746474653,0.597441814089964,0.4368404691793679
52,112,2009-05,1241823.45138733,1359276.0,3737183.66502282,3694584.0,1014247.27511859,1019328.0,2374658.61068474,1588584.0,22573371657.1623,24843617208.0,17836349936.7091,17691550416.0,212957073588.547,211443199320.0,13276360381.0757,8538005088.0,-0.296528381567507,-0.29777989181057696,-0.42955764509704003,-0.48976298003996,0.408456309069806,0.399965756688323,0.6056423442654761,0.465039144154746
53,113,2009-06,1287123.88370709,1394076.0,3513828.2467782004,3535344.0,916083.3554848479,1006416.0,2110422.72657308,1488984.0,23455281929.7601,25228715904.0,17254882372.6377,17439100296.0,190821406246.594,205886014608.0,10124167473.0816,7652546532.0,-0.222824305430122,-0.22724160697315196,-0.44636998117058097,-0.5197264787287489,0.52174623047194,0.5392921257978289,0.6067802755620021,0.374041667919591
54,114,2009-07,1335001.75402825,1495140.0,3460758.0034669,3585120.0,816031.2698002671,849312.0,1875800.68959214,1447104.0,23928941482.5385,26964670092.0,16193829396.536999,16878320604.0,171755252456.259,173197364496.0,12027987759.8798,10658180544.0,-0.149382834047899,-0.16626672296602302,-0.502773556926569,-0.625221755525603,0.423577448357705,0.5010653488436371,0.117710302895488,0.153817065097914
55,115,2009-08,1593053.24182384,1724556.0,3387301.60620385,3579480.0,672001.29818151,659640.0,2043296.59414798,4680000.0,28608138391.5395,31238693448.0,16008043339.6123,16700734980.0,134646325841.821,131018547552.0,12938442187.1513,34778640120.0,0.0236187382921287,-0.0066079845129747294,-0.42470477281537705,-0.502260732044767,0.211807239539703,0.24179721492833997,0.131162661190679,0.101085709211574
56,116,2009-09,1261008.56224315,1169948.0,3319425.63608976,3351180.0,626553.658376868,625680.0,2048172.98791472,4404600.0,23248477845.5099,21738962468.0,15168147328.6473,15164504352.0,123749004802.15302,122899601232.0,12890348135.2351,26537935544.0,-0.190134429815453,-0.19249124616170604,-0.41289439604426703,-0.502201667655875,0.19041095890410997,0.23268766202663396,0.12339776942570699,0.0522956001406254
57,117,2009-10,1275965.49416117,1203276.0,3547849.96706004,3653664.0,659895.2312962579,698796.0,2352893.02564459,2877792.0,23768902424.6224,22666511736.0,15828328822.8118,16565947284.0,132042594161.16,140983667160.0,14469173187.0919,15714804248.0,-0.0328047533614986,-0.000698327597838055,-0.31875704798897403,-0.42714626038091996,0.258928571428571,0.29126794731726396,0.0704255528080058,0.0146123827934099
58,118,2009-11,1349831.57303713,1148448.0,3608833.94661441,4038912.0,689684.379044686,692208.0,2463046.38069258,1784904.0,25211348618.5185,21571517592.0,16121077812.0887,17153561280.0,135599218224.449,138924686808.0,14439602415.789,9725454312.0,0.0274622635432547,0.0685922595601298,-0.255545651399767,-0.34214248626714305,0.812936073920422,0.902240729191133,0.20434965669128102,0.174610716007997
59,119,2009-12,1352266.49739237,1241172.0,3624964.14559069,3874332.0,623955.861105045,675792.0,2459858.99901247,1352688.0,25396418711.9851,24171481452.0,15639522044.1046,16114923120.0,125580507571.994,141593282664.0,14008081156.7286,8054524440.0,0.0364970086883323,0.0938779911884124,-0.179308135973218,-0.27283537757679,0.278224159063053,0.321521869234835,0.0491516431968579,0.0194887126503864
60,120,2010-01,1365686.04447162,1132560.0,3778597.59141605,3307512.0,595588.859098537,502968.0,2379821.38303121,2127216.0,25654533330.5429,21122768040.0,16980830187.0645,14980320984.0,120362541655.425,105595703112.0,14193665870.8191,11460634884.0,-0.0434394826992074,0.0119905845688548,-0.0896762644577875,-0.181814966744624,-0.30296680635934303,-0.30273505042862103,0.0249904594497705,-0.0236019457801171
61,121,2010-02,1335223.72143377,1219920.0,3427094.18906002,2868240.0,546302.199309011,455952.0,2437866.86795067,1753896.0,25113811200.1595,22312854612.0,15929517415.0844,13771159116.0,111245276235.529,93707604528.0,14235533581.6991,8770437600.0,0.0303970160448404,0.0667716923795096,-0.123897632888843,-0.18685433357540898,-0.46158424259600395,-0.464703360270645,0.032714374540727,0.0359279300006381
62,122,2010-03,1437638.06693409,1645260.0,3405623.67434731,3378132.0,576425.308176215,598776.0,2528359.02816431,1577952.0,27513661931.0849,31085367108.0,16150330783.1225,16538034840.0,117833680238.08,120317644584.0,14021202935.5799,8269086792.0,0.20458798618859803,0.259317619840423,-0.0973566247907809,-0.128468973543324,-0.350861216631108,-0.3681991701682779,0.0955808838232353,0.10335891260986999
63,123,2010-04,1462337.43859456,1555128.0,3576856.9738319,3525312.0,594800.398084045,604848.0,2223849.43559212,1312392.0,27625805643.4646,28956318600.0,16542207363.392,16722264192.0,120385907563.813,118831146552.0,13474401619.768,7496428368.0,0.21384749398199696,0.256423301683414,-0.0452239422017544,-0.0987723922411526,-0.373037788889718,-0.40709424689627,-0.0248238965670976,0.0339075371796014
64,124,2010-05,1442183.50433213,1557288.0,3540351.92892592,3506664.0,571905.657097349,560304.0,1908216.66095108,1292016.0,27379557941.7943,29692531860.0,16815075786.824,16765283952.0,113357060188.96301,110129775816.0,11933790108.491001,7912906368.0,0.145674609130155,0.19517748206322302,-0.050863642564359,-0.0523564324335474,-0.45032021096251706,-0.479151960572973,-0.186687011829403,-0.0732136738684501
65,125,2010-06,1493819.99830952,1568796.0,3636309.12241382,3643464.0,632251.2607780179,687552.0,1947514.95948979,1387056.0,28400831014.9012,29582718372.0,17183455113.2464,17252418312.0,131707762063.914,141246213816.0,11752473172.1807,8739740524.0,0.125330326323672,0.172581215967067,0.0305825967713467,-0.0107047944464669,-0.316831210950541,-0.313959162865297,-0.0684547315484921,0.142069569581024
66,126,2010-07,1497815.00565932,1658460.0,3729732.32405694,3806424.0,609577.709975971,617520.0,1492108.3888958,1092792.0,28502369067.5213,31642076532.0,17643085738.9933,17942236944.0,133758736406.41301,131988908160.0,10523486410.6235,8813676080.0,0.109233917893977,0.17346425615597305,0.0617284777078591,0.0630344905136986,-0.272917373120832,-0.23792773323032698,-0.244842112246252,-0.173059975516962
67,127,2010-08,1540253.05530844,1671480.0,3745443.20009195,3981984.0,758399.707851202,778272.0,1633214.06584598,3971088.0,29117851905.731003,31633935984.0,17706166602.8938,18526709904.0,163217817403.722,167331849768.0,11594903604.1428,32654255832.0,-0.0307766172858406,0.0126523388904827,0.11244761808977802,0.10933500388975098,0.179843551027833,0.277161538533982,-0.151476923076923,-0.0610830176415765
68,128,2010-09,1586569.90083906,1515828.0,3786966.49881349,3796740.0,826624.9530692609,841272.0,1719439.75772785,3859992.0,29801036730.1896,28639289364.0,17619313198.186,17513338296.0,178213376712.962,180158508024.0,12330260668.3504,25542966396.0,0.29563707104931203,0.317417489733347,0.132956152758133,0.154890254866142,0.344572305331799,0.46589985824210495,-0.12364527993461401,-0.0374923341851644
69,129,2010-10,1616065.47674606,1499916.0,3785678.55926415,3848820.0,835663.7529625121,867288.0,1641333.57586486,1867656.0,30504274292.966,28632833100.0,18654867493.2835,19157066520.0,177245843174.825,184751695536.0,11922966709.6036,12338322916.0,0.246526981340939,0.26322185934432996,0.0534137786068998,0.15641237965924198,0.24111757937939002,0.310447509684426,-0.3510107749274439,-0.21485990399337698
70,130,2010-11,1597184.74291092,1439784.0,3901634.51881835,4426152.0,819731.9677186221,862728.0,1591187.48940542,1141128.0,30201604723.9226,27364009428.0,19552474996.1156,21217767648.0,171111507349.341,184415282664.0,11068223182.7393,7519699488.0,0.253678007188832,0.26852500345864394,0.0958773055714015,0.23693076333592702,0.246342139934817,0.327447892100488,-0.36067822134972,-0.22680224010495603
71,131,2010-12,1630120.5818727,1530816.0,3982738.49361353,4288032.0,778056.667470408,846600.0,1452130.5067812,752012.0,31035664805.6843,30161097912.0,20062769593.4138,20821437528.0,162033064987.167,182395042464.0,10754497047.6652,6114709616.0,0.23336330500526897,0.247796829163916,0.10677969776467301,0.292059377072597,0.25275232615952803,0.28816169123518603,-0.444061010373419,-0.24083542590877
72,132,2011-01,1657234.5509445,1421792.0,4088357.52446544,3581256.0,718068.3281583409,606672.0,1535980.20499477,1366776.0,31635522626.6936,26941643708.0,19696275682.0341,17618106480.0,148770287615.496,128983106640.0,11666143149.7134,9342320232.0,0.25537896446987396,0.275478841455857,0.082764325571608,0.17608337623855497,0.20618409123443202,0.221480636415614,-0.3574813277072,-0.18483397066922896
73,133,2011-02,1698976.4295625,1580496.0,4089668.14293266,3435900.0,586969.7851628821,485712.0,1513347.0309137,1045920.0,32216085265.3428,29203214568.0,20305237753.8808,17707172424.0,119478968596.225,99311868984.0,11710423490.3936,7178279376.0,0.295573480228212,0.308806742831297,0.197912308593423,0.285815687324892,0.0652700284240446,0.0598058661751986,-0.40365905390057305,-0.181536919434898
74,134,2011-03,1663571.61780568,1874016.0,4226276.65039847,4206852.0,511314.223856831,523392.0,1583211.11076022,944880.0,31602502182.1716,35104745808.0,20810949819.4308,21352177800.0,104277514689.97,104959566024.0,11081758391.353,6586875480.0,0.13903942234054198,0.129301310357232,0.245319010624807,0.291095224225565,-0.12589682953224599,-0.12764610388692998,-0.401198515544199,-0.203433747197752
75,135,2011-04,1644288.5893436,1726332.0,4066875.29174817,3975792.0,491003.54148660897,473472.0,1809274.41123964,1005144.0,31318230205.1205,32602233828.0,19034828831.6851,18969725064.0,99020303826.1592,92701833384.0,15902811458.977,8631655344.0,0.11008997330123299,0.125910868655797,0.127784434398998,0.134399316156911,-0.21720498373145003,-0.21988606460652102,-0.23411297843936898,0.15143571315187196
76,136,2011-05,1611631.32330259,1722644.0,4337352.76426366,4347828.0,483157.699025101,481680.0,1810153.05259795,1304160.0,30995415559.6177,33297905300.0,20413980528.8718,20738218944.0,96655768379.6263,95824542288.0,13642405329.1519,9663502128.0,0.1061820292714,0.12142357738300301,0.239875847814333,0.23697391606218804,-0.140323824209715,-0.129894330774817,0.0093992644053944,0.22123296783587101
77,137,2011-06,1622554.59233843,1693956.0,4284702.92829842,4285200.0,505096.17355756206,548088.0,1774657.42014105,1273488.0,31268763748.6718,32419935348.0,20783559530.438,20693362464.0,102570766396.735,110727858936.0,12305672759.4828,9114792720.0,0.07978092753933601,0.0959079196280157,0.176133481763509,0.199447062421773,-0.20284138508796398,-0.21606494117963396,-0.0818770114544762,0.0429134245999727
78,138,2011-07,1650778.11416599,1762728.0,4307421.10061245,4341660.0,541642.041891148,537384.0,1819670.56747444,1270488.0,31988145505.8509,34325523456.0,20629495256.4108,20518656048.0,113242085318.763,110225459520.0,13159575267.1321,10703781456.0,0.0628703737201983,0.0848062838507517,0.140613867503988,0.143595200088001,-0.12977069568597,-0.164888466337019,0.162607339731623,0.214451422861912
79,139,2011-08,1647515.34513219,1821276.0,4484530.06921117,4797384.0,564733.442855158,612624.0,1936851.1588027999,5125464.0,31799818498.9502,35092762992.0,21910233184.2919,23069284080.0,114911515406.136,125317722192.0,12592209729.8434,36972333956.0,0.0896187809605857,0.109339129021107,0.20477229441404102,0.24519054918754,-0.21284075490317003,-0.251082669762219,0.29069514450447803,0.132236304701467
80,140,2011-09,1734165.29831149,1690884.0,4441014.75696967,4429416.0,666145.4295262339,689280.0,1808392.99008035,4217544.0,33696981701.8799,33107563572.0,22920339854.8496,22690067424.0,146576795284.295,150486135432.0,11670950318.3135,24115203612.0,0.115485398079465,0.156019032148776,0.16663664090772598,0.29558779945353697,-0.18066927224488602,-0.16470147825628698,0.0926302437932514,-0.055896514205319
81,141,2011-10,1787998.5356016003,1676844.0,4511280.12973111,4557888.0,726581.0144801979,755592.0,1635548.88545269,1750848.0,34552862866.6664,32693058644.0,22471222124.9483,22877464152.0,153907406097.249,159973263840.0,10375296465.3707,10422931512.0,0.11795860568191802,0.141803136623599,0.18422997178356,0.194204975386806,-0.128787669147965,-0.134117479269205,-0.0625425667253499,-0.155239202040674
82,142,2011-11,1802108.1370038998,1628184.0,4585677.62466635,5191260.0,702730.018072147,735504.0,1621697.85755614,1089648.0,34812578030.5793,31622426316.0,22185284627.2475,24116930400.0,149536144882.76,159659811240.0,11746003466.7018,7831572480.0,0.130852961277525,0.155621086858807,0.172860760317314,0.13663844378432,-0.147467104348068,-0.134237635115653,-0.0451132563568679,0.0414741297172434
83,143,2011-12,1819842.36299987,1725912.0,4350996.51724556,4656120.0,698914.527605046,729624.0,1683588.94652456,795408.0,35330510301.0991,34687641300.0,22415458062.5239,23063222952.0,144252598036.015,155033682360.0,11429008080.0066,6299984052.0,0.12744575442117198,0.150078866532211,0.08584077730763201,0.10766717816602801,-0.138171509567683,-0.15001153394506603,0.0577065259596921,0.03029979306216
84,144,2012-01,1810992.33579171,1561320.0,4327947.1017591,3848676.0,736740.906567215,638304.0,1681254.06294187,1541784.0,35304652142.0719,30162276948.0,22288964844.7506,20517883080.0,153376345095.47302,134968725240.0,11126872315.639,9105506940.0,0.0981353109315568,0.11954108201066001,0.0746721262037675,0.164590706912336,0.0521402009652663,0.046406221372123,0.128044390595094,-0.0253484451527202
85,145,2012-02,1837583.87709144,1827000.0,4425288.52577477,3875400.0,832968.997031293,713520.0,1627153.26325361,1145088.0,35539287810.6377,34295430768.0,22380338398.1368,20436522768.0,179161641983.347,153355736352.0,10446628696.6438,6674946692.0,0.15596622832326099,0.174371769523616,0.127914083646206,0.154138124294802,0.469018677734954,0.5441833682206401,0.0948141349242773,-0.0701188484921403
86,146,2012-03,1850298.23474868,2077908.0,4327191.16972138,4272552.0,827857.5309126441,811152.0,1712832.16703627,954768.0,35952706559.2681,39835756308.0,22028348722.8916,22362979656.0,176172108827.62198,169990398192.0,10936826854.5823,6411487272.0,0.10879949797653801,0.134768402137863,0.0156173785053526,0.0473395203743574,0.549798239178283,0.6195798499503139,0.0104648209296418,-0.0266269202344174
87,147,2012-04,1868385.73507328,1909740.0,4269978.58969761,4197744.0,792205.7485508991,758184.0,1689573.64613287,904824.0,36552047882.8356,37015383192.0,22145043852.4866,22106090544.0,169989131177.306,158675647704.0,11152059697.9053,6171770664.0,0.106241441391343,0.135363404461256,0.0558258580931799,0.16533531558409698,0.601328061638281,0.711677557084722,-0.0998065948759581,-0.28498411741033003
88,148,2012-05,1884235.99034166,2029896.0,4228268.75490974,4294920.0,779655.804058998,807384.0,1805151.41793411,1359216.0,36741253043.9651,39769827348.0,22409686884.8638,23100988584.0,162968079514.153,168526233648.0,12388172955.2622,9315703332.0,0.17836070598452103,0.194364239722911,-0.0121688346457127,0.113933103241906,0.676183358246139,0.758695941813065,0.0422156790577843,-0.0359909680148207
89,149,2012-06,1847064.9658143,1912560.0,4264591.92436779,4219008.0,779764.461087161,827688.0,2020242.9685463002,1410408.0,36251121880.6026,37541975712.0,21496284559.7602,21009011184.0,165563335084.353,175922272296.0,14261161087.9094,10268281536.0,0.12904939679661098,0.15799045584204002,-0.0154466535984318,0.0152536215682266,0.510137058282611,0.588780583192546,0.10751573630846901,0.126551294300854
90,150,2012-07,1877721.4192586998,1995468.0,4234911.63741996,4326552.0,820543.1889639279,857856.0,1914357.66706819,1377144.0,36560181127.7124,38945512008.0,21304620691.2119,21417414264.0,178031259106.15198,185149702368.0,15323015532.6597,13098825348.0,0.132033983688919,0.134593389607652,-0.00347977501692898,0.0438020021339363,0.596355678620874,0.6797362712233039,0.0839488448533161,0.22375680051440697
91,151,2012-08,1904765.44548226,2100888.0,4261372.9035383,4533792.0,896157.6328960691,992808.0,1654473.20431561,4519416.0,37125234511.2634,40887741024.0,21273880312.6407,22275548616.0,192253446237.307,213807067056.0,11860343187.3537,34821120980.0,0.153525330592398,0.16513313680433403,-0.0549449449950223,-0.0344065928204565,0.620582935046619,0.7061199590623342,-0.118242563014783,-0.0581843975162648
92,152,2012-09,1914302.8746182998,1835772.0,4294479.14886919,4159608.0,889955.156112651,867792.0,1605191.70248187,3554016.0,37515519482.5568,36384686112.0,22057885884.2264,21177999312.0,191474069038.79102,184110814032.0,11703869894.3808,22421855032.0,0.0856877231081494,0.0989841047310276,-0.0609127704419725,-0.0666400889757004,0.258983286908078,0.223440375443716,-0.15732568528034302,-0.0702191284488003
93,153,2012-10,1918645.75130521,1836456.0,4293245.43554856,4417056.0,918388.905561853,1010976.0,1575216.17845388,1750200.0,37768341533.1445,36275646876.0,22477536827.4129,23345703744.0,195217377094.43802,214346229024.0,11615170499.0777,11973328308.0,0.0951859564753788,0.10958253466007499,-0.0308985214204474,0.0204672855736534,0.337991932153861,0.339887827995946,-0.000370106371312628,0.148748631247842
94,154,2012-11,1945294.29329379,1790088.0,4305783.6441256,4846536.0,926657.120077879,952056.0,1422733.25298174,912024.0,38420445775.9503,35598733832.0,22404049596.6997,24275577144.0,196471772961.841,204762065328.0,10312788137.1707,6835615980.0,0.0994383927123716,0.12574327713709,-0.0664046878792431,0.00657823119977152,0.294426678848789,0.282489711955142,-0.163010440068719,-0.12717196993878802
95,155,2012-12,1959048.05783919,1816464.0,4455164.50989632,4713456.0,971148.1884719509,961464.0,1450662.6809528999,639864.0,38708570456.3105,37203847680.0,22775458623.7545,23111935104.0,207834468782.133,211299499776.0,11004738554.3974,5968971336.0,0.05246617440518401,0.072538987538481,0.0123141156155768,0.00211211382300647,0.317752705503108,0.36292640772955703,-0.1955524711846,-0.0525418339582806
96,156,2013-01,1972905.699947,1738248.0,4372983.22151376,3949224.0,1043673.05124616,913008.0,1434355.29951627,1358160.0,39227015637.0345,34135890444.0,22991892229.3919,21783914088.0,222991955445.508,196722199848.0,10731051359.0532,9020091528.0,0.113319498885558,0.131741164728729,0.026125348041768,0.0617037831370661,0.430365468491503,0.457539140998706,-0.119098395105929,-0.009380632244073591
97,157,2013-02,1999692.30069223,1868352.0,4416883.14185707,3734832.0,1031120.72069887,836832.0,1419186.15464467,946512.0,39656320546.6833,36076070928.0,23718236733.5503,20868363240.0,220563470461.71698,178005071400.0,10705633309.6463,6574503784.0,0.0226338259441707,0.0519206238302001,-0.0362718687103267,0.0211308194110296,0.172822065253952,0.16073304875548902,-0.17341549295774603,-0.0150477468412418
98,158,2013-03,1990794.28720223,2171844.0,4429027.36956486,4327104.0,951051.6737282691,903648.0,1320561.61426532,696144.0,39533888404.9494,42581737276.0,23579908937.2887,23642474760.0,202937271912.559,190516848528.0,9423486013.19364,5500466052.0,0.0452070062774674,0.0689325676853922,0.0127680131218999,0.05721487582075,0.11403041600094699,0.120750645650091,-0.270876275702579,-0.142092026600221
99,159,2013-04,2032538.31944221,2104872.0,4377913.88285315,4374912.0,919982.977848478,918144.0,1283642.31361927,689592.0,40381107644.6544,41447388276.0,23229821791.5376,23536374312.0,196183534899.302,192283552584.0,8816822378.69977,5150187108.0,0.10217725973169099,0.11973414029002599,0.0422055275405075,0.0647008916005822,0.210977810135798,0.21180253785819397,-0.23787167449139301,-0.165525197162446
100,160,2013-05,2060087.4141654,2224524.0,4370811.73630434,4463472.0,903755.133574763,953928.0,1238934.73748914,930336.0,41021291031.5052,44570267664.0,22521533243.6929,23245232640.0,195277402040.60397,205868324688.0,9108214857.853409,6959329976.0,0.0958807741874461,0.12070558602114301,0.0392445028079684,0.0062440642085726,0.18150471151273803,0.22158028593931697,-0.315534837729985,-0.25294637152148397
101,161,2013-06,2077758.57769399,2096340.0,4415392.17255629,4342248.0,852284.652800391,888432.0,1263316.65662345,844200.0,41458837987.3816,41869195548.0,23565397922.8291,22782685296.0,183322004078.992,192212349216.0,8867889158.32441,6275337048.0,0.0960911030242189,0.11526350848436698,0.0292106580504232,0.0844244451328957,0.073389973033317,0.0925981497816886,-0.4014497932513139,-0.388861999352177
102,162,2013-07,2086184.92028772,2238060.0,4465155.20489008,4647936.0,779708.517907253,854280.0,1103200.13852221,810768.0,41425470894.8784,44489716200.0,24058867292.2971,24648896728.0,166187376666.583,183055858080.0,8603145598.55661,7752034992.0,0.121571480975891,0.14235797415787302,0.0742817837391068,0.150881073885363,-0.00416853178155774,-0.0113089260269958,-0.41126853836635796,-0.408188537059651
103,163,2013-08,2079023.50510406,2298168.0,4560769.2208312005,4773384.0,687785.480429617,751464.0,1225679.95631642,3282888.0,41352527144.146,45704851524.0,25138731149.7431,25871151096.0,145154515291.746,158538169128.0,9729721848.40015,27331499796.0,0.0939031495253435,0.11781307500388699,0.0528458297160523,0.161414766566843,-0.24309231996518998,-0.258498929380684,-0.273603492132612,-0.21508845704024804
104,164,2013-09,2046579.15661495,1991400.0,4761972.09010861,4638948.0,577329.263671537,583716.0,1247558.04887557,2920536.0,40962381827.5284,40257287124.0,25728161385.5387,25058203896.0,119345731285.67099,119230469112.0,9783897380.68695,19119190784.0,0.0847752335257319,0.10643491605449901,0.115236820392691,0.18321865662737,-0.32735494219813,-0.352398338256889,-0.178243429404932,-0.147296655128958
105,165,2013-10,2046736.17142131,1961100.0,4844909.36422445,4946112.0,511376.820909332,555504.0,1235176.58320474,1339800.0,41092285530.2974,39452050260.0,26378971443.3354,27086213544.0,106934062594.845,115210446408.0,9138974762.38575,9112023116.0,0.06787203178295599,0.0875629701341456,0.11977570580948,0.16022261916012398,-0.450527015478112,-0.46250304037259204,-0.23448748714432602,-0.238973251079085
106,166,2013-11,2058507.94015799,1889076.0,4932439.06178744,5437896.0,503614.893779915,488376.0,1239408.23827239,746208.0,41589028299.8247,38596492224.0,27139621660.2787,28807591632.0,103282524115.453,100663997856.0,9987591164.83601,6364620288.0,0.0552978401061848,0.0842096914499046,0.122017044751138,0.186690287984364,-0.487030174695606,-0.5083855122541839,-0.18181100497355301,-0.06890318200701501
107,167,2013-12,2055248.52733541,1906488.0,5051446.24742447,5377824.0,490320.935617085,492408.0,1191954.79564276,547512.0,41403221154.1994,39735251292.0,28449829002.2994,29069104584.0,102528401499.709,106046900952.0,9175584251.74478,5317704360.0,0.0495600243109691,0.0680414465130936,0.140951352892654,0.25775295115678104,-0.48785601957015606,-0.49812043538001294,-0.14433067026743202,-0.10910874576865302
108,168,2014-01,2047959.10341926,1809468.0,4982186.80781914,4523040.0,452960.18325863295,384576.0,1194543.92381641,1131432.0,41982696687.9938,36734890512.0,28459576568.0438,27224636736.0,94142743663.4669,80103742536.0,9169628790.09413,7739752512.0,0.0409722893396109,0.0761368762963328,0.14529841811961,0.249758726830322,-0.5787813469323381,-0.592807814278748,-0.16693762148789498,-0.141943018208362
109,169,2014-02,2112546.53860604,1972644.0,4971290.02878281,4209600.0,449217.726503754,359208.0,1198844.3230361,800832.0,43007594930.6752,39115214424.0,28097020097.7274,24718184800.0,93330400771.1804,73926369840.0,9619390463.05263,6001349616.0,0.0558203165142328,0.0842426411142574,0.127118970813145,0.18448124156765397,-0.570752552483653,-0.584695147960824,-0.15391247020639998,-0.0871783159353947
110,170,2014-03,2173094.47813199,2355864.0,4996365.18017406,4888728.0,471401.114008219,448584.0,1195988.36289488,629688.0,44805458120.2422,47838004176.0,27521189942.5544,27695103648.0,100130709008.80199,94593960936.0,10117782628.0997,6079652376.0,0.0847298424748739,0.12343946574867802,0.129792119625505,0.171413057606665,-0.503585466907468,-0.503487688008351,-0.0954630076535889,0.10529768178269301
111,171,2014-04,2155381.64200756,2200548.0,5138104.40605864,5152440.0,479193.163037879,484632.0,1176990.64355591,615072.0,44206283893.5427,44747528232.0,28438139450.4765,28817414088.0,103275116188.485,102858765312.0,10554843485.8106,6271464168.0,0.0454545454545454,0.0796223861929302,0.17772426051084,0.224377795237029,-0.472161229611041,-0.46506727211072496,-0.108063898653117,0.21771579099685
112,172,2014-05,2156711.77338232,2338500.0,5116290.85779055,5208456.0,494612.44251997204,518712.0,1127967.31617637,806208.0,44445266216.7819,48470084352.0,28190983147.2089,28682399712.0,106066907911.746,111187869456.0,9068810562.0885,6797201460.0,0.0512361296169428,0.0874981662080063,0.166906838443257,0.233904609870147,-0.456235690743956,-0.459907833686854,-0.13342276338871098,-0.0232965697213837
113,173,2014-06,2135088.71985798,2167572.0,4854060.65482517,4866768.0,512660.00276156794,564240.0,1136597.34648036,777816.0,43848438115.6519,44491688400.0,27759796958.6118,27565640760.0,113628106430.112,126466164576.0,9519271173.765741,7132189908.0,0.0339792209279028,0.0626353770994597,0.120794574607438,0.20993817900999398,-0.36490356043006106,-0.342049742944025,-0.07863539445629,0.136542922467102
114,174,2014-07,2162210.03386112,2317812.0,5366199.00649447,5643432.0,523509.24795825896,579552.0,1130081.38424383,815880.0,44798873414.9471,47913544728.0,29799265195.965,30807991896.0,116469827545.104,130204831632.0,9993183059.22229,9123697264.0,0.0356344333932066,0.0769577515983346,0.21418022967614003,0.24987305663070702,-0.321590110970642,-0.288715297081084,0.00630513291101775,0.176942218838736
115,175,2014-08,2182661.60234177,2367972.0,5007259.98224477,5161992.0,521496.95460837794,556632.0,1151660.39392155,2993376.0,45133503029.5414,48956048736.0,28252446248.8874,28645178712.0,115540304014.15,122876383968.0,10331714476.1682,27608385872.0,0.0303737585763966,0.0711346192710585,0.0814114263591617,0.10722474642533,-0.25926990514515696,-0.224941320794537,-0.0881882050194829,0.0101306579612042
116,176,2014-09,2190557.74292451,2177904.0,4941847.07958815,4834560.0,518611.049599435,541536.0,1139562.1404626002,2803896.0,44771339386.9531,44936459376.0,27679819821.7323,27262322392.0,115377738472.846,119292723456.0,10412609449.5236,20635647892.0,0.0936547152756855,0.116231683411435,0.042167318969732,0.0879599553562511,-0.0722611681022963,0.000522134522019879,-0.0399378744175727,0.07931596714171901
117,177,2014-10,2162061.56081218,2082204.0,4936413.6168333,5002920.0,523059.688814299,563256.0,1079704.33296877,1159200.0,44532890662.8721,43048186608.0,27428967592.0621,27892222152.0,118788454873.18199,126475939320.0,10300121189.1547,10018298584.0,0.0617530977512621,0.0911520776309587,0.0114853848841272,0.0297571532724825,0.0139548950142574,0.0977818701622333,-0.134796238244514,0.0994593029959121
118,178,2014-11,2167208.14412416,1950744.0,5007056.38261864,5407848.0,542221.471642379,499944.0,1166173.19834472,668472.0,44767279808.1549,40844340972.0,28312149941.0063,29432320872.0,126571413874.012,116569418904.0,10699410769.4795,6660670440.0,0.0326445309770491,0.0582397160590218,-0.00552566654456066,0.0216862710350989,0.023686667649516,0.158005060267453,-0.10417470732021099,0.0465149747516249
119,179,2014-12,2174404.7296945,2057604.0,5134799.74101808,5475984.0,560795.118161416,576288.0,1156587.86618615,558312.0,45090011370.6421,44072976504.0,28698653766.655,29306017488.0,127759880121.945,135507485880.0,13655083758.8333,8480382708.0,0.0792640708989514,0.109165667032621,0.0182527356789661,0.00814998973619563,0.17034654189209,0.277807127445759,0.0197255950554509,0.5947450504751259
120,180,2015-01,2166348.29974347,1927176.0,5256349.75087357,4736220.0,573711.970796645,455304.0,1102836.23627432,1014504.0,45644213202.5616,40295928804.0,29275685060.4554,27843254448.0,135443234308.44801,106997148648.0,11207359826.1647,9204575016.0,0.0650511642095908,0.0969388568297689,0.0471320174042238,0.0227227168538113,0.18391163255117302,0.335732205020429,-0.10334514137835901,0.189259605100923
121,181,2015-02,2180629.48350479,2028912.0,5230282.95449832,4438776.0,723501.540961597,564984.0,1099647.1880048001,733872.0,45708151647.035995,41475489504.0,28718608193.9342,25244679648.0,180306289622.85397,139061791848.0,11193361704.4077,7072591488.0,0.028524153369792003,0.0603416116914293,0.0544412770809579,0.0212998993356504,0.572860292643816,0.881085087080207,-0.0836130424358666,0.178500160887811
122,182,2015-03,2253915.29823795,2434416.0,5351279.94366081,5300208.0,761873.083989047,750504.0,1094661.08167429,594864.0,48161065486.9331,51138248784.0,30866629013.7248,31530925800.0,186738785713.20898,183732125904.0,11320968520.9538,7222390368.0,0.033343181100437,0.0689879242423685,0.08416913356603199,0.138501816088239,0.673051201112835,0.9423240562715072,-0.0553035789152724,0.187961074306002
123,183,2015-04,2219200.62578206,2267844.0,5452285.07109649,5472600.0,701777.357622472,715896.0,1056224.63141899,540696.0,47083645404.0267,47613357840.0,31416840162.9499,31828043136.0,169471294211.195,170275881756.0,11143080513.9265,6741602736.0,0.0305814733420948,0.0640444225911585,0.0621375503644874,0.104472560889968,0.47719506759768204,0.6554338489238579,-0.120922428593726,0.0749647220180052
124,184,2015-05,2248374.39324976,2389656.0,5297366.77441033,5383920.0,685557.157163766,710760.0,1072678.47177969,736464.0,47633358372.5088,50945200152.0,31025701759.1262,31191297992.0,168573248072.37,174354364896.0,10480528186.3527,7656186528.0,0.0218755612572161,0.0510648131335028,0.0336882945732861,0.0874717005965975,0.370240133253135,0.568105997075487,-0.0865086925458443,0.126373342478509
125,185,2015-06,2297457.40875589,2367168.0,5402884.75827361,5529288.0,665205.85521646,769848.0,1052602.11213591,731256.0,48890955694.3186,50235465972.0,31364668969.0949,32106339696.0,158148791520.822,185726552952.0,10715661371.1321,8486306940.0,0.0920827543444924,0.129097765864961,0.13613141205827,0.16472314122982099,0.364398128455976,0.468586902865924,-0.0598599154555833,0.18985992373550198
126,186,2015-07,2284235.59365003,2449188.0,5423951.11684494,5780040.0,642336.564273559,714072.0,1050469.84255421,747384.0,48613951915.4767,51982599288.0,31369057731.608997,32844999960.0,150839105550.472,169472824008.0,10739465226.1593,9953388880.0,0.0566810422933353,0.0849249326698658,0.0242065466545889,0.0661194689636515,0.23211031969521304,0.30158629202780896,-0.0839535225768495,0.0909380914329294
127,187,2015-08,2279059.7070929003,2476512.0,5494148.68004357,5654064.0,615099.324098128,660264.0,1027943.95500227,2705208.0,48546437312.4549,52585779528.0,32260583575.6312,32675431608.0,143652817027.824,153842342736.0,9915900947.445059,26100589116.0,0.0458366906365446,0.0741426419352931,0.0953259904316008,0.140695679943922,0.186176863708878,0.252009033534583,-0.0962685609826497,-0.0546137236342087
128,188,2015-09,2295726.10935419,2270508.0,5626984.11642249,5456832.0,615389.548413189,645384.0,1049887.29676524,2593128.0,49103608859.1563,49085974248.0,32668519282.0115,31992294576.0,144315290755.26,150107587200.0,10489374036.1125,20396542608.0,0.0425197804861923,0.0923418295437892,0.128713264495631,0.173498505225952,0.191765644389293,0.25831302070461803,-0.0751696924564963,-0.0115870015446763
129,189,2015-10,2261716.42045129,2190864.0,6072416.63296066,6035784.0,594250.393824589,619728.0,1053219.8846786998,1082280.0,48378318415.073,47153763072.0,35526150918.8379,35298609456.0,138826931931.621,143054735016.0,10950777726.3314,10100203812.0,0.0521850884927701,0.0953716471586987,0.206452231896572,0.26553593556076394,0.100259917337765,0.131082605791554,-0.0663561076604555,0.00817556267795894
130,190,2015-11,2251659.85592955,2044152.0,5801869.94247,6278088.0,535713.105664315,507504.0,1000270.36255937,586632.0,48160897436.8458,44331438156.0,33364409221.8949,34969893816.0,128191780935.139,121394348664.0,10155739963.9506,6591013800.0,0.0478832691526925,0.0853752833566468,0.160921682710017,0.188145983053212,0.0151216936296865,0.0413910423965786,-0.12242846372024599,-0.0104579021928008
131,191,2015-12,2246336.38407964,2134416.0,5586529.42132092,5892264.0,588390.635035123,603936.0,1035249.53131724,502488.0,47952084921.3052,47096618736.0,33147285051.6699,33311692752.0,137706589494.65,145568986416.0,12492971120.7987,7993811796.0,0.0373307983460374,0.0686053557495845,0.0760192140809761,0.136684394788211,0.0479760119940029,0.0742505144321699,-0.0999871039848687,-0.0573760558637278
132,192,2016-01,2248738.09091244,1958832.0,5704224.81606853,5105712.0,615193.896754864,460104.0,1031811.13233373,924456.0,48062064683.0826,41705902620.0,33413437046.134,31494828600.0,146186355584.719,108442782768.0,10865666510.2808,8683962384.0,0.0164261074235046,0.0349904781413064,0.07801411252011099,0.131147533734595,0.0105424068314797,0.013510959294399999,-0.0887606160251709,-0.056560203061525004
133,193,2016-02,2280006.16514621,2245728.0,5883703.14945323,5195376.0,632416.907839361,503736.0,1011728.2133571999,700488.0,48826087691.4803,46613642268.0,34123356545.2442,31179724008.0,152737723264.62698,120028548840.0,10668241260.5681,7104544632.0,0.106863185786274,0.12388407769134299,0.17045239498456302,0.235100799168596,-0.108406609744701,-0.13686896130897,-0.0454902217280397,0.0045178834454406794
134,194,2016-03,2234320.06952298,2447364.0,5820231.5296829,5849688.0,681647.434578122,687576.0,999335.312530559,558768.0,48427819507.4864,52015423812.0,34510619233.6427,35866683816.0,170640001297.15802,172214838288.0,10733805548.4838,7191942360.0,0.00531872942011558,0.0171530126443136,0.10367140308455801,0.137508110085369,-0.0838476543762592,-0.06268521391853799,-0.0606794157992415,-0.004215779880149539
135,195,2016-04,2251794.54251974,2295624.0,5877200.86715459,5826912.0,708095.804898155,696888.0,986110.499481632,480816.0,48701610499.3203,49256372616.0,34127563451.2088,34064171232.0,178538706468.198,172312415880.0,10228812280.9816,6069327552.0,0.0122495198082408,0.034507433429106005,0.0647429009976976,0.0702565371815387,-0.0265513426531228,0.0119602030716146,-0.11074614940743,-0.0997203796079628
136,196,2016-05,2258811.02832846,2403336.0,6170739.0121059995,6392520.0,694673.1947578221,755304.0,971416.8624329041,699936.0,49146908505.1052,52328991456.0,35401378375.7563,36159811416.0,172509009738.917,187384193880.0,10908154546.495,8309015640.0,0.0057246733421045795,0.0271623489528223,0.18733562162884998,0.1592916532449,0.0626709437784907,0.0747318771845609,-0.0495991657433357,0.0852681827450901
137,197,2016-06,2252695.51914948,2317344.0,5948882.19444,6130296.0,693986.613676336,812928.0,966203.572463855,656544.0,49066136122.3405,50268950160.0,36387627711.9811,37788025248.0,173039990841.199,205450309608.0,10604008954.0154,8545792960.0,-0.0210479357612134,0.000666544787673695,0.10869536909634699,0.17696459969579997,0.0559590984194283,0.106197828703026,-0.10216941809708198,0.00700964747334476
138,198,2016-07,2257857.86123762,2382792.0,6445188.64508513,6792528.0,710629.953156238,740700.0,961680.768301185,627624.0,49318608693.5943,52083406476.0,37521508150.1535,38586118080.0,178200764981.496,187110659424.0,10518368460.3617,9300520716.0,-0.0271093929906565,0.0019392486982325898,0.17516972200884398,0.174794280011928,0.0372903572748966,0.10407471238673299,-0.160238913329694,-0.0655925506248279
139,199,2016-08,2271573.79399696,2498940.0,5796383.069578799,6104736.0,769709.171735335,884004.0,973235.9886160891,2812008.0,50154919804.7376,54660283284.0,35394950258.5076,36830430192.0,194882390292.558,224755928904.0,10175626868.3265,28334431044.0,0.00905628561460636,0.0394499002319706,0.0797076226940481,0.12715971540473,0.338864454218313,0.460949728838248,0.0394794041715092,0.0855858815321002
140,200,2016-09,2252786.63463037,2252928.0,5720293.03899873,5503212.0,786192.083799637,833304.0,970995.347899492,2390568.0,49671906221.6394,50242462620.0,35522580662.0458,34594694760.0,202289895751.99802,213039629928.0,10352091966.9807,19769013864.0,-0.007742760650920391,0.0235604648724501,0.008499437035994541,0.0813445930806185,0.291175486222156,0.41924624798712395,-0.078114154025563,-0.0307664272352643
141,201,2016-10,2267119.61507697,2159352.0,5389011.93311867,5266104.0,792564.513892868,805440.0,948291.6617060229,933792.0,49663585481.7944,47765391960.0,33244154664.4237,32423792280.0,202126386291.545,203698159440.0,10830815569.7298,9528742608.0,-0.0143833665622329,0.0129709454379301,-0.127519473857911,-0.0814427882657384,0.299666950662226,0.4239176313682821,-0.137199246036146,-0.0565791754935727
142,202,2016-11,2271911.64660378,2085816.0,5463593.22051343,5945208.0,772529.837407969,759720.0,981803.841162827,591312.0,49602072677.8354,46144596048.0,32366101948.0281,34239234960.0,194987082562.41602,192297516048.0,11529740973.2523,7797523608.0,0.0203820459535298,0.0409000467257479,-0.0530225125866347,-0.0208939397941694,0.496973422869573,0.584073049234347,0.00797774413942642,0.18305375236811103
143,203,2016-12,2321985.60007296,2232672.0,5539716.56361821,5711832.0,757037.586798698,753444.0,966538.74802961,450096.0,50764156123.5982,50603519688.0,33354008170.0512,32555777592.0,186725525499.89398,190091980080.0,12066871548.281,7619594856.0,0.0460341376751299,0.0744618413406264,-0.0306218458643401,-0.0226921869635285,0.24755603242727697,0.305854940397567,-0.10426517648182598,-0.0468133288035695
144,204,2017-01,2278747.8780547,1989024.0,5763150.95576178,5226648.0,673061.984185272,510204.0,986625.8806241141,926664.0,49536499230.0676,42961471956.0,38577978059.525,37041532128.0,165022039798.09,124282806120.0,11866072698.4374,9851223000.0,0.0154132666813693,0.0301053150063677,0.0236864123945886,0.176114739294057,0.108888425225601,0.146068027282994,0.0023884316830655697,0.134415669297538
145,205,2017-02,2237854.6782775,2067216.0,5521041.9222784005,4707504.0,639262.385981844,477492.0,979682.60525995,641712.0,48958111365.6877,44192931012.0,33742892200.81,29704054368.0,155703590849.963,114622176480.0,12100957849.8078,7696055880.0,-0.0794895909032617,-0.0519313904303462,-0.0939050417140165,-0.0473278608759133,-0.0520987183762923,-0.045042387100812,-0.0839072189673484,0.08325815075265201
146,206,2017-03,2224630.16171251,2445888.0,5931748.00797073,5976624.0,605455.860858229,604176.0,959010.979974452,529488.0,48592026916.384,52493263860.0,35480301845.3786,36899424024.0,146371105418.739,145863368136.0,11808047810.692,7951001136.0,-0.00060309786366064,0.00918650686625311,0.0216996188514669,0.0287938582027285,-0.12129568222276499,-0.15301509680560502,-0.0524009964779658,0.105542944868652
147,207,2017-04,2180494.45420367,2175696.0,5418543.43995796,5294784.0,603542.467247098,568836.0,942080.387202249,441024.0,47755118732.08099,47293927764.0,33041803946.5748,32440021896.0,149295357133.173,137318424648.0,11610044737.9096,6704346432.0,-0.0522420047882406,-0.0398414407674539,-0.0913224706328155,-0.0476791090832196,-0.18374832110755202,-0.20308456040898498,-0.0827593091744036,0.104627551332395
148,208,2017-05,2222472.7651047995,2397912.0,5274572.73805474,5563320.0,602100.22050393,681312.0,950540.296309879,720384.0,48665136693.1176,52326512952.0,31874444033.4308,33151304064.0,149756530754.238,169074340320.0,11794135270.2463,9373210680.0,-0.00225686296048488,-4.7363878627138e-05,-0.1297141033583,-0.0832003053718581,-0.0979632042197579,-0.0977129029982409,0.0292140995748182,0.12807714970193498
149,209,2017-06,2216093.27049394,2288784.0,5517502.25545003,5713968.0,611852.200545284,720840.0,942768.7721766891,632064.0,48836704587.9345,50241208872.0,33209471905.3211,34845124128.0,154551698685.208,184180649616.0,11682310339.9474,9538217964.0,-0.0123244542027424,-0.000551857317722004,-0.0679131970136515,-0.0778791985208531,-0.113279404818139,-0.103527028178164,-0.0372861529463372,0.116130241938368
150,210,2017-07,2171535.55094352,2300640.0,5864844.442249401,6241776.0,620493.00821194,646440.0,952182.0158678059,619440.0,47840185002.4608,50619219708.0,34901375975.6381,36172069440.0,155569901431.535,163721542632.0,10525887671.9972,9514696500.0,-0.034477201535006004,-0.0281123464663299,-0.0810820360254679,-0.0625626199296594,-0.127257999189955,-0.125001519763764,-0.0130396543153225,0.0230283648131171
151,211,2017-08,2122397.74176771,2347872.0,5596019.60852228,5893608.0,612229.470262704,704616.0,959385.5289649109,2799492.0,46845019853.77599,51279050708.0,32888281280.9758,34108724208.0,155389378831.432,179928710148.0,10489238629.5737,29043126528.0,-0.0604528320007683,-0.0618590386447877,-0.0345842965199478,-0.073898294693044,-0.202926683589667,-0.19944843713176102,-0.0044509119461964,0.0250118127623413
152,212,2017-09,2186840.97935564,2178115.12106048,5205558.46274367,4920605.03392848,618809.037904532,640531.058366454,932365.539940053,2196580.12894389,48444745754.272,49024368011.5382,31944246919.7462,30558646814.6486,156136210851.781,160563357248.613,10406265096.3031,18938431669.9477,-0.0332069550999923,-0.0242443253165091,-0.105866713125265,-0.1166666731229,-0.23133567297594504,-0.24632164774751897,-0.0811471880557733,-0.0420143462777781
153,213,2017-10,2220956.32050986,2116124.50948232,5466384.33790294,5385121.79401626,621369.1409170789,659708.383820486,943177.7398633441,970032.0652389909,49293047864.6836,47378530596.1515,33539612141.7214,33118616888.2605,158810487989.511,168574243716.885,10436804044.544,9406322587.76505,-0.020018732711331002,-0.008099197933357779,0.0226007298785329,0.0214294676656026,-0.18093416788278896,-0.172431188478463,0.0388095691963428,-0.012847447482963003
154,214,2017-11,2255772.82435246,2084977.58442647,5481334.612893701,5932877.64208686,623643.813040906,616647.336656048,885539.8453651359,527606.9263132621,50343164882.393,47158278472.0545,33731499267.2626,35525087606.6351,157633782207.043,156600194315.93,11101596254.9749,7511449214.57505,-0.000401960467044105,0.0219675218957391,-0.0020739994148462103,0.0375549467777905,-0.188322886516022,-0.18563589621802498,-0.107735127456805,-0.0366878521703289
155,215,2017-12,2236004.85446918,2107105.92087494,5429704.0235619005,5496942.80579519,635625.355293692,614859.429642816,913430.275223884,407019.666664095,50105161592.1675,49350288393.2941,32713709619.1903,31185258309.3066,163015398556.111,160193242401.481,10926173473.3078,6752345903.15675,-0.056240271354261,-0.0247656942132256,-0.0376217637712051,-0.0420975748105064,-0.18393479854798,-0.157285634385712,-0.0957047681736893,-0.113818250081937
156,216,2018-01,2215422.94494943,1957661.20982618,5437937.80933455,4996386.51687086,630594.696924901,489368.700779013,898226.45639184,877882.766434662,49553026652.0965,43506460203.4177,34287145774.1641,33468245706.1354,161077467786.84302,124552365911.268,11033935713.6408,9485552954.65714,-0.0157679294839199,0.0126855115200866,-0.0440552880410433,-0.0964670254328789,-0.0408371930070857,0.00216892263446233,-0.0526417704425096,-0.0371192536543793
157,217,2018-02,2213798.22814223,2037710.04795207,5511169.39550116,4708626.0697999,639531.147894405,472343.29396112,883711.047820813,573324.335591287,49515370410.0618,44600727768.6286,33589096388.6246,29657126275.8362,165163255394.121,120288148980.813,11196145660.8878,7118458013.12835,-0.0142732796417627,0.00922764675911325,0.000238357694418267,-0.0015798547761318698,-0.0107828111023425,0.0494317301835683,-0.10657064915213199,-0.0750511529383092
158,218,2018-03,2264063.90995391,2491103.09473085,5424027.56999897,5419881.36244823,610927.244900769,581800.9222242279,887691.9145085909,467468.872115596,50735714130.0912,54904359726.7732,32683838886.93,33553810326.4437,156915635089.759,148308232337.036,11684453434.0664,7591651676.972179,0.0184861672860119,0.0459315289139492,-0.0931533651024002,-0.0906684531276216,-0.0370340393788763,0.0167613310475374,-0.117130374785461,-0.0451954983883459
159,219,2018-04,2274036.71844054,2275107.33815665,5381631.46757797,5304618.36086885,642278.233116786,619138.975147545,915669.4787437071,449614.35751177603,50756962140.5362,50274226627.306,33088986709.4888,32902334338.4353,168319181737.874,158372174781.611,12551704408.5626,7507679053.12545,0.0456917410137472,0.0630165225053385,0.00185736771676637,0.0142512987172891,0.0884314198601086,0.153320650069936,0.0194782086956176,0.119822659713873
160,220,2018-05,2275762.00487591,2449645.61052926,5378574.60030001,5686730.60549049,712381.074140154,807737.6473492809,895272.8732874,683960.335181489,50571339162.4853,54099671156.7269,33673198772.7419,35071162797.1949,186815740628.345,210701416450.35397,11471262684.8372,9159565437.817629,0.0215744408173706,0.0338864201853748,0.02218290615864,0.0579120124351222,0.185562044040442,0.24620575807995898,-0.0505614572485099,-0.0227931761566215
161,221,2018-06,2275472.47245568,2337150.21412222,5310529.41976525,5448967.68814116,710801.0241931609,813034.31495511,873276.3981553791,559048.4093354429,50279174132.7488,51586179287.8748,32479790778.0882,33764045766.9279,186331437740.925,214846752978.79102,12092972394.9813,9619160444.75012,0.0211318386192056,0.0267702638147371,-0.0463776331717017,-0.0310252406362759,0.127898444807599,0.166500136831568,-0.11551929973002302,0.008486121941815309
162,222,2018-07,2342751.7302893,2469357.28434707,5243158.26232325,5679202.24616564,683863.611069582,738388.1639176159,1357791.38141147,917007.27499586,52004314030.9911,54631325023.6857,31796128951.6537,33571596877.0565,183155138467.50198,200728523740.92102,17476726817.8485,16570742866.3563,0.0733349347777434,0.0792605128808734,-0.0901303977961334,-0.0718917276009604,0.142237738873857,0.22603611298790696,0.48038111035106,0.741594476119792
